system:time_start,COD Var.,NDVI,,,,,,,,,,,,
14-Jan-15,0,0.408,0.326,0.342,0.322,0.28,,0.192,0.168,0.269,0.089,0.443,,Start Date: 2015-01-14
15-Jan-15,0,0.408,0.328,0.353,0.32,0.286,,0.198,0.156,0.278,0.088,0.437,,First 5: East
16-Jan-15,0,0.408,0.326,0.349,0.32,0.286,,0.189,0.139,0.303,0.096,0.443,,Last 5: West
17-Jan-15,0,0.414,0.325,0.355,0.316,0.292,,0.195,0.092,0.321,0.118,0.465,,South to North
18-Jan-15,0,0.412,0.332,0.34,0.321,0.289,,0.19,0.081,0.317,0.117,0.431,,
19-Jan-15,0,0.413,0.331,0.345,0.321,0.293,,0.188,0.086,0.307,0.118,0.437,,
20-Jan-15,0,0.415,0.333,0.345,0.321,0.291,,0.187,0.061,0.306,0.116,0.445,,
21-Jan-15,0,0.419,0.334,0.345,0.31,0.283,,0.188,0.059,0.306,0.117,0.448,,
22-Jan-15,0,0.414,0.331,0.34,0.31,0.294,,0.197,0.053,0.288,0.136,0.447,,
23-Jan-15,0,0.413,0.33,0.339,0.315,0.299,,0.2,0.052,0.289,0.131,0.451,,
24-Jan-15,0,0.407,0.326,0.327,0.323,0.289,,0.2,0.057,0.276,0.127,0.442,,
25-Jan-15,0,0.408,0.326,0.326,0.323,0.288,,0.2,0.057,0.275,0.131,0.426,,
26-Jan-15,0,0.408,0.326,0.326,0.325,0.288,,0.199,0.067,0.272,0.131,0.426,,
27-Jan-15,0,0.393,0.321,0.327,0.331,0.284,,0.2,0.076,0.269,0.132,0.426,,
28-Jan-15,0,0.392,0.32,0.326,0.331,0.283,,0.199,0.076,0.268,0.132,0.427,,
29-Jan-15,0,0.389,0.319,0.32,0.333,0.286,,0.205,0.08,0.258,0.142,0.425,,
30-Jan-15,0,0.388,0.318,0.319,0.333,0.284,,0.205,0.082,0.257,0.142,0.423,,
31-Jan-15,0,0.387,0.317,0.318,0.333,0.283,,0.207,0.081,0.256,0.14,0.421,,
1-Feb-15,0,0.386,0.318,0.32,0.338,0.294,,0.207,0.081,0.267,0.137,0.418,,
2-Feb-15,0,0.389,0.322,0.308,0.346,0.29,,0.217,0.08,0.233,0.199,0.379,,
3-Feb-15,0,0.394,0.318,0.321,0.35,0.299,,0.221,0.092,0.247,0.158,0.412,,
4-Feb-15,0,0.397,0.322,0.32,0.341,0.287,,0.242,0.076,0.274,0.161,0.389,,
5-Feb-15,0,0.393,0.321,0.342,0.339,0.291,,0.245,0.036,0.321,0.148,0.401,,
6-Feb-15,0,0.395,0.321,0.346,0.339,0.289,,0.251,0.034,0.323,0.147,0.396,,
7-Feb-15,0,0.394,0.326,0.361,0.373,0.3,,0.284,0.096,0.375,0.16,0.348,,
8-Feb-15,0,0.394,0.326,0.367,0.369,0.299,,0.284,0.096,0.377,0.205,0.359,,
9-Feb-15,0,0.393,0.34,0.37,0.371,0.297,,0.306,0.091,0.387,0.199,0.396,,
10-Feb-15,0,0.391,0.34,0.371,0.371,0.297,,0.308,0.092,0.387,0.201,0.416,,
11-Feb-15,0,0.384,0.339,0.367,0.364,0.294,,0.309,0.092,0.388,0.2,0.415,,
12-Feb-15,0,0.392,0.347,0.361,0.367,0.287,,0.321,0.093,0.382,0.204,0.42,,
13-Feb-15,0,0.393,0.342,0.362,0.36,0.276,,0.319,0.1,0.38,0.202,0.443,,
14-Feb-15,0,0.389,0.339,0.357,0.372,0.275,,0.318,0.128,0.384,0.217,0.511,,
15-Feb-15,0,0.388,0.34,0.357,0.372,0.271,,0.316,0.128,0.386,0.22,0.514,,
16-Feb-15,0,0.387,0.339,0.353,0.37,0.271,,0.314,0.133,0.389,0.224,0.512,,
17-Feb-15,0,0.387,0.338,0.348,0.371,0.267,,0.315,0.117,0.389,0.223,0.515,,
18-Feb-15,0,0.392,0.332,0.349,0.372,0.265,,0.312,0.135,0.393,0.227,0.526,,
19-Feb-15,0,0.391,0.331,0.348,0.371,0.263,,0.311,0.135,0.394,0.226,0.529,,
20-Feb-15,0,0.391,0.331,0.345,0.375,0.261,,0.309,0.133,0.39,0.232,0.551,,
21-Feb-15,0,0.395,0.333,0.34,0.381,0.257,,0.316,0.134,0.381,0.241,0.561,,
22-Feb-15,0,0.395,0.336,0.344,0.385,0.259,,0.318,0.14,0.38,0.242,0.566,,
23-Feb-15,0,0.386,0.32,0.338,0.382,0.249,,0.318,0.15,0.385,0.262,0.606,,
24-Feb-15,0,0.4,0.336,0.337,0.382,0.247,,0.318,0.148,0.386,0.266,0.604,,
25-Feb-15,0,0.417,0.33,0.341,0.398,0.262,,0.3,0.129,0.413,0.332,0.614,,
26-Feb-15,0,0.415,0.327,0.334,0.388,0.248,,0.308,0.123,0.387,0.302,0.594,,
27-Feb-15,0,0.409,0.325,0.332,0.383,0.248,,0.293,0.148,0.378,0.312,0.562,,
28-Feb-15,0,0.401,0.329,0.323,0.388,0.245,,0.294,0.154,0.382,0.299,0.545,,
1-Mar-15,0,0.419,0.329,0.338,0.383,0.266,,0.3,0.182,0.394,0.309,0.547,,
2-Mar-15,0,0.412,0.332,0.338,0.381,0.276,,0.307,0.197,0.405,0.312,0.532,,
3-Mar-15,0,0.42,0.331,0.337,0.379,0.275,,0.308,0.195,0.405,0.311,0.532,,
4-Mar-15,0,0.421,0.335,0.341,0.385,0.285,,0.314,0.184,0.414,0.319,0.561,,
5-Mar-15,0,0.42,0.338,0.346,0.376,0.287,,0.316,0.194,0.408,0.323,0.56,,
6-Mar-15,0,0.416,0.341,0.345,0.384,0.3,,0.321,0.203,0.401,0.326,0.56,,
7-Mar-15,0,0.415,0.341,0.346,0.383,0.301,,0.322,0.204,0.403,0.324,0.561,,
8-Mar-15,0,0.415,0.341,0.346,0.382,0.302,,0.322,0.204,0.403,0.323,0.564,,
9-Mar-15,0,0.415,0.34,0.351,0.382,0.301,,0.323,0.196,0.41,0.322,0.565,,
10-Mar-15,0,0.416,0.345,0.354,0.381,0.301,,0.325,0.189,0.409,0.323,0.559,,
11-Mar-15,0,0.413,0.349,0.354,0.385,0.303,,0.331,0.175,0.419,0.335,0.567,,
12-Mar-15,0,0.413,0.35,0.359,0.38,0.295,,0.326,0.17,0.433,0.334,0.571,,
13-Mar-15,0,0.411,0.349,0.363,0.373,0.3,,0.337,0.194,0.436,0.329,0.564,,
14-Mar-15,0,0.414,0.355,0.372,0.381,0.314,,0.335,0.212,0.454,0.333,0.586,,
15-Mar-15,0,0.419,0.36,0.377,0.386,0.336,,0.342,0.209,0.47,0.327,0.612,,
16-Mar-15,0,0.413,0.365,0.373,0.393,0.346,,0.341,0.185,0.472,0.388,0.636,,
17-Mar-15,0,0.419,0.38,0.372,0.406,0.345,,0.337,0.183,0.454,0.336,0.57,,
18-Mar-15,0,0.425,0.373,0.381,0.411,0.348,,0.335,0.197,0.451,0.363,0.576,,
19-Mar-15,0,0.429,0.373,0.374,0.411,0.348,,0.331,0.199,0.466,0.406,0.569,,
20-Mar-15,0,0.433,0.373,0.371,0.416,0.346,,0.314,0.203,0.459,0.418,0.559,,
21-Mar-15,0,0.41,0.364,0.374,0.399,0.345,,0.305,0.183,0.45,0.38,0.562,,
22-Mar-15,0,0.406,0.367,0.373,0.394,0.341,,0.307,0.202,0.44,0.384,0.562,,
23-Mar-15,0,0.406,0.366,0.373,0.394,0.341,,0.306,0.202,0.44,0.384,0.562,,
24-Mar-15,0,0.412,0.366,0.372,0.393,0.33,,0.316,0.203,0.439,0.393,0.543,,
25-Mar-15,0,0.412,0.365,0.372,0.393,0.33,,0.316,0.204,0.439,0.392,0.542,,
26-Mar-15,0,0.41,0.361,0.361,0.39,0.326,,0.321,0.205,0.431,0.382,0.547,,
27-Mar-15,0,0.406,0.362,0.359,0.387,0.328,,0.32,0.205,0.427,0.383,0.525,,
28-Mar-15,0,0.404,0.373,0.367,0.396,0.33,,0.316,0.207,0.433,0.387,0.512,,
29-Mar-15,0,0.404,0.373,0.367,0.396,0.329,,0.316,0.207,0.435,0.388,0.511,,
30-Mar-15,0,0.404,0.373,0.366,0.396,0.329,,0.317,0.206,0.436,0.388,0.51,,
31-Mar-15,0,0.404,0.373,0.366,0.396,0.328,,0.317,0.206,0.405,0.388,0.509,,
1-Apr-15,0,0.404,0.374,0.365,0.396,0.327,,0.317,0.205,0.406,0.387,0.508,,
2-Apr-15,0,0.404,0.374,0.365,0.39,0.326,,0.318,0.204,0.406,0.386,0.496,,
3-Apr-15,0,0.41,0.379,0.368,0.389,0.326,,0.315,0.194,0.409,0.373,0.469,,
4-Apr-15,0,0.41,0.38,0.367,0.391,0.324,,0.313,0.199,0.403,0.369,0.466,,
5-Apr-15,0,0.413,0.377,0.367,0.393,0.324,,0.32,0.205,0.406,0.357,0.459,,
6-Apr-15,0,0.418,0.373,0.373,0.394,0.316,,0.334,0.21,0.409,0.352,0.45,,
7-Apr-15,0,0.417,0.363,0.385,0.394,0.32,,0.323,0.21,0.41,0.334,0.413,,
8-Apr-15,0,0.415,0.361,0.386,0.4,0.33,,0.315,0.189,0.422,0.335,0.412,,
9-Apr-15,0,0.406,0.356,0.383,0.395,0.333,,0.311,0.19,0.433,0.321,0.399,,
10-Apr-15,0,0.404,0.353,0.381,0.394,0.335,,0.305,0.195,0.424,0.325,0.397,,
11-Apr-15,0,0.404,0.353,0.38,0.392,0.328,,0.305,0.19,0.422,0.319,0.377,,
12-Apr-15,0,0.407,0.353,0.38,0.39,0.326,,0.303,0.2,0.413,0.299,0.371,,
13-Apr-15,0,0.406,0.349,0.377,0.384,0.324,,0.299,0.201,0.407,0.291,0.363,,
14-Apr-15,0,0.405,0.349,0.377,0.384,0.324,,0.298,0.2,0.407,0.29,0.362,,
15-Apr-15,0,0.406,0.35,0.37,0.381,0.312,,0.293,0.193,0.392,0.284,0.355,,
16-Apr-15,0,0.409,0.356,0.364,0.382,0.308,,0.29,0.197,0.386,0.292,0.352,,
17-Apr-15,0,0.409,0.355,0.357,0.378,0.304,,0.286,0.194,0.375,0.285,0.344,,
18-Apr-15,0,0.409,0.356,0.355,0.378,0.302,,0.283,0.195,0.374,0.285,0.337,,
19-Apr-15,0,0.407,0.353,0.351,0.374,0.303,,0.28,0.19,0.365,0.287,0.327,,
20-Apr-15,0,0.406,0.354,0.35,0.372,0.301,,0.279,0.186,0.363,0.281,0.326,,
21-Apr-15,0,0.404,0.355,0.345,0.366,0.297,,0.272,0.183,0.356,0.271,0.32,,
22-Apr-15,0,0.405,0.355,0.339,0.365,0.29,,0.268,0.183,0.344,0.276,0.32,,
23-Apr-15,0,0.4,0.353,0.328,0.362,0.285,,0.264,0.182,0.33,0.278,0.317,,
24-Apr-15,0,0.394,0.352,0.32,0.358,0.283,,0.261,0.186,0.324,0.275,0.309,,
25-Apr-15,0,0.394,0.357,0.321,0.364,0.286,,0.261,0.195,0.321,0.272,0.309,,
26-Apr-15,0,0.394,0.359,0.32,0.361,0.279,,0.259,0.197,0.323,0.268,0.301,,
27-Apr-15,0,0.39,0.358,0.322,0.36,0.281,,0.255,0.201,0.32,0.265,0.307,,
28-Apr-15,0,0.387,0.356,0.319,0.355,0.282,,0.249,0.187,0.314,0.263,0.301,,
29-Apr-15,0,0.385,0.355,0.319,0.356,0.281,,0.247,0.184,0.316,0.263,0.302,,
30-Apr-15,0,0.384,0.355,0.318,0.356,0.282,,0.245,0.184,0.316,0.263,0.301,,
1-May-15,0,0.38,0.356,0.318,0.355,0.288,,0.241,0.184,0.314,0.265,0.294,,
2-May-15,0,0.378,0.352,0.314,0.351,0.287,,0.239,0.18,0.308,0.259,0.288,,
3-May-15,0,0.371,0.351,0.312,0.351,0.282,,0.232,0.182,0.308,0.255,0.291,,
4-May-15,0,0.372,0.35,0.316,0.35,0.279,,0.229,0.185,0.309,0.26,0.298,,
5-May-15,0,0.368,0.348,0.313,0.349,0.272,,0.225,0.163,0.309,0.255,0.295,,
6-May-15,0,0.367,0.346,0.312,0.348,0.271,,0.222,0.163,0.307,0.25,0.294,,
7-May-15,0,0.365,0.345,0.311,0.348,0.271,,0.22,0.162,0.304,0.25,0.29,,
8-May-15,0,0.363,0.345,0.31,0.341,0.276,,0.221,0.158,0.306,0.245,0.281,,
9-May-15,0,0.363,0.347,0.31,0.337,0.271,,0.217,0.158,0.298,0.238,0.272,,
10-May-15,0,0.364,0.348,0.316,0.335,0.259,,0.216,0.158,0.287,0.23,0.267,,
11-May-15,0,0.365,0.346,0.315,0.334,0.258,,0.214,0.145,0.277,0.226,0.264,,
12-May-15,0,0.361,0.343,0.315,0.329,0.267,,0.212,0.127,0.278,0.215,0.252,,
13-May-15,0,0.365,0.343,0.313,0.327,0.269,,0.212,0.119,0.278,0.215,0.244,,
14-May-15,0,0.365,0.344,0.312,0.329,0.261,,0.212,0.124,0.278,0.203,0.236,,
15-May-15,0,0.365,0.343,0.313,0.329,0.265,,0.211,0.125,0.273,0.199,0.232,,
16-May-15,0,0.364,0.344,0.318,0.33,0.281,,0.208,0.128,0.272,0.199,0.228,,
17-May-15,0,0.368,0.34,0.324,0.331,0.282,,0.215,0.118,0.277,0.192,0.233,,
18-May-15,0,0.369,0.34,0.334,0.321,0.284,,0.216,0.114,0.287,0.209,0.225,,
19-May-15,0,0.375,0.339,0.341,0.322,0.317,,0.22,0.129,0.284,0.208,0.214,,
20-May-15,0,0.376,0.338,0.342,0.324,0.32,,0.224,0.124,0.284,0.198,0.214,,
21-May-15,0,0.378,0.34,0.35,0.325,0.325,,0.22,0.148,0.279,0.19,0.211,,
22-May-15,0,0.378,0.34,0.35,0.325,0.329,,0.22,0.148,0.279,0.18,0.211,,
23-May-15,0,0.378,0.341,0.352,0.326,0.329,,0.221,0.149,0.277,0.177,0.212,,
24-May-15,0,0.379,0.34,0.353,0.331,0.329,,0.219,0.15,0.277,0.177,0.212,,
25-May-15,0,0.383,0.338,0.357,0.332,0.329,,0.219,0.145,0.279,0.171,0.214,,
26-May-15,0,0.377,0.334,0.347,0.329,0.314,,0.214,0.145,0.275,0.159,0.21,,
27-May-15,0,0.374,0.333,0.341,0.329,0.313,,0.211,0.161,0.267,0.161,0.211,,
28-May-15,0,0.371,0.33,0.332,0.33,0.307,,0.208,0.18,0.264,0.157,0.22,,
29-May-15,0,0.368,0.329,0.329,0.333,0.304,,0.205,0.184,0.265,0.161,0.221,,
30-May-15,0,0.367,0.326,0.329,0.331,0.301,,0.202,0.168,0.265,0.154,0.221,,
31-May-15,0,0.366,0.326,0.329,0.33,0.297,,0.201,0.165,0.265,0.155,0.219,,
1-Jun-15,0,0.36,0.324,0.325,0.329,0.291,,0.199,0.158,0.262,0.161,0.215,,
2-Jun-15,0,0.358,0.322,0.32,0.328,0.292,,0.194,0.164,0.26,0.159,0.214,,
3-Jun-15,0,0.352,0.319,0.315,0.332,0.291,,0.188,0.165,0.254,0.159,0.212,,
4-Jun-15,0,0.35,0.318,0.315,0.323,0.287,,0.186,0.151,0.255,0.144,0.209,,
5-Jun-15,0,0.346,0.317,0.313,0.316,0.285,,0.19,0.154,0.256,0.141,0.211,,
6-Jun-15,0,0.345,0.316,0.31,0.308,0.275,,0.186,0.154,0.254,0.149,0.208,,
7-Jun-15,0,0.345,0.316,0.31,0.305,0.272,,0.186,0.152,0.253,0.149,0.207,,
8-Jun-15,0,0.342,0.317,0.308,0.301,0.273,,0.184,0.141,0.252,0.141,0.201,,
9-Jun-15,0,0.342,0.316,0.309,0.296,0.273,,0.182,0.13,0.252,0.138,0.196,,
10-Jun-15,0,0.339,0.314,0.308,0.295,0.273,,0.182,0.134,0.247,0.141,0.195,,
11-Jun-15,0,0.34,0.317,0.314,0.291,0.279,,0.185,0.14,0.241,0.142,0.193,,
12-Jun-15,0,0.338,0.321,0.319,0.298,0.282,,0.181,0.12,0.24,0.138,0.185,,
13-Jun-15,0,0.337,0.321,0.323,0.297,0.281,,0.181,0.116,0.237,0.136,0.18,,
14-Jun-15,0,0.337,0.323,0.326,0.297,0.277,,0.182,0.117,0.236,0.134,0.171,,
15-Jun-15,0,0.335,0.323,0.323,0.295,0.278,,0.18,0.109,0.233,0.136,0.167,,
16-Jun-15,0,0.336,0.323,0.321,0.295,0.282,,0.178,0.11,0.231,0.136,0.168,,
17-Jun-15,0,0.337,0.325,0.317,0.294,0.28,,0.176,0.101,0.227,0.126,0.172,,
18-Jun-15,0,0.339,0.327,0.318,0.288,0.279,,0.177,0.106,0.226,0.121,0.177,,
19-Jun-15,0,0.334,0.325,0.315,0.292,0.278,,0.174,0.104,0.225,0.124,0.172,,
20-Jun-15,0,0.33,0.325,0.311,0.292,0.274,,0.171,0.105,0.222,0.127,0.171,,
21-Jun-15,0,0.331,0.326,0.313,0.293,0.278,,0.171,0.097,0.221,0.125,0.176,,
22-Jun-15,0,0.326,0.324,0.309,0.295,0.285,,0.172,0.092,0.22,0.124,0.176,,
23-Jun-15,0,0.325,0.323,0.309,0.296,0.287,,0.172,0.091,0.22,0.124,0.176,,
24-Jun-15,0,0.324,0.32,0.309,0.297,0.283,,0.171,0.089,0.219,0.128,0.177,,
25-Jun-15,0,0.323,0.321,0.309,0.299,0.285,,0.172,0.096,0.218,0.128,0.182,,
26-Jun-15,0,0.326,0.325,0.308,0.299,0.286,,0.174,0.082,0.223,0.124,0.183,,
27-Jun-15,0,0.322,0.318,0.305,0.289,0.281,,0.169,0.074,0.224,0.123,0.18,,
28-Jun-15,0,0.32,0.315,0.304,0.282,0.276,,0.171,0.08,0.227,0.123,0.176,,
29-Jun-15,0,0.324,0.315,0.303,0.279,0.267,,0.171,0.081,0.225,0.122,0.178,,
30-Jun-15,0,0.324,0.316,0.299,0.275,0.273,,0.17,0.073,0.225,0.126,0.178,,
1-Jul-15,0,0.323,0.314,0.296,0.276,0.263,,0.171,0.08,0.225,0.123,0.179,,
2-Jul-15,0,0.322,0.313,0.296,0.274,0.262,,0.171,0.08,0.225,0.121,0.178,,
3-Jul-15,0,0.324,0.311,0.297,0.273,0.262,,0.173,0.087,0.227,0.119,0.177,,
4-Jul-15,0,0.318,0.309,0.293,0.28,0.257,,0.171,0.077,0.226,0.115,0.169,,
5-Jul-15,0,0.332,0.311,0.296,0.271,0.257,,0.175,0.067,0.225,0.116,0.176,,
6-Jul-15,0,0.332,0.31,0.297,0.271,0.249,,0.177,0.074,0.224,0.122,0.175,,
7-Jul-15,0,0.334,0.312,0.289,0.281,0.242,,0.177,0.077,0.225,0.121,0.17,,
8-Jul-15,0,0.334,0.313,0.291,0.282,0.229,,0.177,0.079,0.225,0.123,0.17,,
9-Jul-15,0,0.335,0.313,0.295,0.282,0.227,,0.178,0.082,0.223,0.124,0.168,,
10-Jul-15,0,0.334,0.313,0.293,0.286,0.231,,0.179,0.081,0.223,0.124,0.166,,
11-Jul-15,0,0.334,0.312,0.296,0.289,0.231,,0.177,0.077,0.223,0.125,0.166,,
12-Jul-15,0,0.336,0.309,0.296,0.289,0.23,,0.175,0.08,0.221,0.129,0.167,,
13-Jul-15,0,0.337,0.311,0.292,0.29,0.219,,0.178,0.081,0.217,0.131,0.167,,
14-Jul-15,0,0.342,0.314,0.294,0.295,0.226,,0.175,0.081,0.217,0.14,0.174,,
15-Jul-15,0,0.338,0.312,0.293,0.302,0.236,,0.174,0.075,0.218,0.151,0.175,,
16-Jul-15,0,0.336,0.312,0.294,0.307,0.242,,0.173,0.08,0.216,0.157,0.179,,
17-Jul-15,0,0.336,0.313,0.298,0.307,0.248,,0.174,0.083,0.214,0.169,0.18,,
18-Jul-15,0,0.336,0.314,0.299,0.308,0.251,,0.174,0.085,0.213,0.169,0.18,,
19-Jul-15,0,0.337,0.314,0.299,0.312,0.255,,0.173,0.085,0.213,0.172,0.178,,
20-Jul-15,0,0.34,0.314,0.297,0.318,0.252,,0.177,0.091,0.217,0.174,0.181,,
21-Jul-15,0,0.335,0.312,0.297,0.319,0.256,,0.173,0.098,0.217,0.175,0.181,,
22-Jul-15,0,0.332,0.31,0.3,0.321,0.267,,0.17,0.098,0.217,0.182,0.182,,
23-Jul-15,0,0.331,0.309,0.299,0.322,0.267,,0.168,0.101,0.212,0.187,0.184,,
24-Jul-15,0,0.333,0.308,0.3,0.32,0.277,,0.168,0.103,0.212,0.188,0.185,,
25-Jul-15,0,0.331,0.307,0.299,0.322,0.277,,0.168,0.1,0.212,0.188,0.185,,
26-Jul-15,0,0.332,0.309,0.298,0.32,0.277,,0.166,0.102,0.212,0.192,0.187,,
27-Jul-15,0,0.331,0.308,0.296,0.319,0.272,,0.168,0.108,0.211,0.195,0.188,,
28-Jul-15,0,0.328,0.307,0.297,0.318,0.272,,0.169,0.112,0.21,0.197,0.188,,
29-Jul-15,0,0.324,0.308,0.295,0.324,0.274,,0.167,0.108,0.214,0.2,0.189,,
30-Jul-15,0,0.321,0.306,0.291,0.323,0.275,,0.171,0.106,0.211,0.201,0.188,,
31-Jul-15,0,0.318,0.306,0.288,0.32,0.27,,0.172,0.109,0.211,0.199,0.187,,
1-Aug-15,0,0.318,0.304,0.286,0.316,0.266,,0.172,0.106,0.214,0.199,0.186,,
2-Aug-15,0,0.317,0.303,0.286,0.315,0.266,,0.169,0.1,0.215,0.202,0.184,,
3-Aug-15,0,0.319,0.301,0.283,0.311,0.267,,0.168,0.098,0.213,0.203,0.187,,
4-Aug-15,0,0.316,0.302,0.281,0.309,0.262,,0.167,0.098,0.213,0.204,0.192,,
5-Aug-15,0,0.32,0.303,0.29,0.306,0.268,,0.161,0.088,0.21,0.2,0.194,,
6-Aug-15,0,0.319,0.306,0.285,0.311,0.262,,0.162,0.091,0.208,0.204,0.192,,
7-Aug-15,0,0.317,0.308,0.276,0.309,0.261,,0.163,0.085,0.207,0.204,0.194,,
8-Aug-15,0,0.315,0.309,0.279,0.307,0.26,,0.162,0.076,0.206,0.191,0.194,,
9-Aug-15,0,0.315,0.31,0.28,0.31,0.261,,0.161,0.077,0.205,0.195,0.195,,
10-Aug-15,0,0.317,0.311,0.281,0.31,0.261,,0.159,0.082,0.206,0.195,0.195,,
11-Aug-15,0,0.319,0.311,0.284,0.309,0.26,,0.157,0.084,0.207,0.188,0.195,,
12-Aug-15,0,0.32,0.313,0.283,0.306,0.269,,0.155,0.075,0.207,0.17,0.192,,
13-Aug-15,0,0.323,0.314,0.283,0.306,0.27,,0.154,0.072,0.206,0.17,0.193,,
14-Aug-15,0,0.321,0.311,0.286,0.305,0.273,,0.152,0.072,0.205,0.193,0.193,,
15-Aug-15,0,0.321,0.313,0.292,0.308,0.276,,0.148,0.069,0.205,0.197,0.193,,
16-Aug-15,0,0.323,0.313,0.299,0.308,0.279,,0.147,0.071,0.205,0.197,0.193,,
17-Aug-15,0,0.324,0.312,0.3,0.306,0.281,,0.148,0.074,0.206,0.199,0.193,,
18-Aug-15,0,0.323,0.311,0.3,0.303,0.279,,0.151,0.073,0.207,0.201,0.194,,
19-Aug-15,0,0.321,0.31,0.299,0.304,0.278,,0.151,0.073,0.21,0.206,0.191,,
20-Aug-15,0,0.318,0.309,0.299,0.301,0.283,,0.151,0.07,0.21,0.207,0.191,,
21-Aug-15,0,0.313,0.306,0.292,0.301,0.273,,0.152,0.08,0.207,0.206,0.19,,
22-Aug-15,0,0.315,0.302,0.295,0.298,0.277,,0.15,0.069,0.207,0.204,0.192,,
23-Aug-15,0,0.32,0.304,0.3,0.299,0.277,,0.149,0.073,0.206,0.207,0.189,,
24-Aug-15,0,0.324,0.307,0.305,0.293,0.281,,0.152,0.078,0.208,0.208,0.192,,
25-Aug-15,0,0.322,0.307,0.304,0.294,0.274,,0.152,0.077,0.209,0.205,0.191,,
26-Aug-15,0,0.321,0.307,0.304,0.29,0.274,,0.153,0.074,0.208,0.206,0.191,,
27-Aug-15,0,0.318,0.307,0.303,0.29,0.274,,0.155,0.071,0.206,0.202,0.191,,
28-Aug-15,0,0.316,0.307,0.304,0.292,0.274,,0.156,0.082,0.204,0.203,0.193,,
29-Aug-15,0,0.314,0.304,0.304,0.291,0.273,,0.156,0.089,0.204,0.201,0.193,,
30-Aug-15,0,0.316,0.303,0.303,0.291,0.26,,0.157,0.087,0.205,0.203,0.187,,
31-Aug-15,0,0.313,0.301,0.296,0.283,0.257,,0.16,0.098,0.206,0.192,0.185,,
1-Sep-15,0,0.317,0.303,0.29,0.284,0.254,,0.161,0.1,0.205,0.198,0.187,,
2-Sep-15,0,0.315,0.302,0.29,0.287,0.25,,0.159,0.097,0.203,0.195,0.186,,
3-Sep-15,0,0.317,0.303,0.287,0.289,0.25,,0.159,0.099,0.201,0.195,0.185,,
4-Sep-15,0,0.316,0.302,0.287,0.291,0.25,,0.16,0.101,0.201,0.192,0.185,,
5-Sep-15,0,0.318,0.303,0.288,0.294,0.249,,0.16,0.103,0.201,0.191,0.185,,
6-Sep-15,0,0.318,0.305,0.289,0.294,0.257,,0.16,0.103,0.203,0.2,0.186,,
7-Sep-15,0,0.318,0.305,0.29,0.295,0.257,,0.161,0.104,0.203,0.199,0.187,,
8-Sep-15,0,0.313,0.3,0.289,0.293,0.252,,0.161,0.093,0.206,0.196,0.188,,
9-Sep-15,0,0.309,0.295,0.283,0.299,0.244,,0.162,0.09,0.207,0.198,0.18,,
10-Sep-15,0,0.309,0.293,0.279,0.299,0.253,,0.163,0.091,0.209,0.2,0.186,,
11-Sep-15,0,0.308,0.292,0.28,0.302,0.256,,0.163,0.094,0.209,0.199,0.187,,
12-Sep-15,0,0.308,0.289,0.278,0.303,0.249,,0.163,0.109,0.212,0.203,0.19,,
13-Sep-15,0,0.312,0.288,0.274,0.301,0.249,,0.162,0.109,0.209,0.196,0.186,,
14-Sep-15,0,0.307,0.288,0.272,0.304,0.249,,0.162,0.111,0.209,0.212,0.184,,
15-Sep-15,0,0.306,0.293,0.272,0.303,0.263,,0.158,0.114,0.205,0.203,0.187,,
16-Sep-15,0,0.309,0.296,0.274,0.302,0.267,,0.162,0.107,0.202,0.208,0.184,,
17-Sep-15,0,0.306,0.295,0.275,0.302,0.268,,0.16,0.104,0.202,0.207,0.181,,
18-Sep-15,0,0.305,0.294,0.272,0.3,0.263,,0.162,0.106,0.201,0.208,0.183,,
19-Sep-15,0,0.301,0.296,0.272,0.296,0.268,,0.162,0.103,0.202,0.21,0.181,,
20-Sep-15,0,0.3,0.296,0.271,0.292,0.269,,0.162,0.105,0.204,0.21,0.181,,
21-Sep-15,0,0.3,0.297,0.273,0.292,0.27,,0.163,0.107,0.205,0.209,0.183,,
22-Sep-15,0,0.301,0.298,0.274,0.291,0.271,,0.164,0.107,0.205,0.209,0.184,,
23-Sep-15,0,0.301,0.298,0.275,0.291,0.271,,0.165,0.107,0.206,0.209,0.184,,
24-Sep-15,0,0.304,0.303,0.27,0.288,0.269,,0.165,0.122,0.205,0.21,0.184,,
25-Sep-15,0,0.301,0.304,0.276,0.297,0.276,,0.167,0.113,0.211,0.21,0.187,,
26-Sep-15,0,0.306,0.304,0.283,0.292,0.269,,0.168,0.117,0.209,0.211,0.18,,
27-Sep-15,0,0.307,0.305,0.282,0.292,0.27,,0.167,0.116,0.212,0.208,0.18,,
28-Sep-15,0,0.312,0.305,0.284,0.289,0.277,,0.167,0.097,0.212,0.21,0.18,,
29-Sep-15,0,0.313,0.307,0.284,0.287,0.276,,0.165,0.094,0.218,0.194,0.178,,
30-Sep-15,0,0.318,0.308,0.284,0.284,0.281,,0.168,0.09,0.222,0.182,0.179,,
1-Oct-15,0,0.319,0.307,0.286,0.284,0.286,,0.169,0.085,0.224,0.182,0.183,,
2-Oct-15,0,0.318,0.311,0.287,0.284,0.281,,0.17,0.094,0.222,0.2,0.189,,
3-Oct-15,0,0.317,0.314,0.289,0.282,0.283,,0.169,0.1,0.222,0.199,0.19,,
4-Oct-15,0,0.32,0.314,0.289,0.28,0.293,,0.17,0.102,0.222,0.202,0.191,,
5-Oct-15,0,0.323,0.32,0.291,0.288,0.29,,0.167,0.106,0.223,0.207,0.195,,
6-Oct-15,0,0.322,0.321,0.292,0.29,0.29,,0.167,0.109,0.223,0.206,0.195,,
7-Oct-15,0,0.322,0.321,0.29,0.289,0.288,,0.168,0.1,0.224,0.208,0.194,,
8-Oct-15,0,0.323,0.322,0.291,0.289,0.288,,0.169,0.101,0.224,0.208,0.195,,
9-Oct-15,0,0.323,0.323,0.291,0.29,0.288,,0.17,0.102,0.224,0.208,0.195,,
10-Oct-15,0,0.323,0.324,0.293,0.29,0.288,,0.171,0.105,0.224,0.208,0.196,,
11-Oct-15,0,0.325,0.324,0.29,0.282,0.285,,0.172,0.112,0.22,0.207,0.199,,
12-Oct-15,0,0.322,0.327,0.287,0.284,0.295,,0.17,0.111,0.221,0.21,0.202,,
13-Oct-15,0,0.32,0.327,0.287,0.288,0.293,,0.171,0.11,0.223,0.21,0.203,,
14-Oct-15,0,0.319,0.328,0.292,0.295,0.29,,0.17,0.119,0.224,0.22,0.201,,
15-Oct-15,0,0.319,0.327,0.293,0.299,0.286,,0.171,0.121,0.224,0.222,0.202,,
16-Oct-15,0,0.318,0.331,0.299,0.3,0.287,,0.17,0.115,0.223,0.218,0.203,,
17-Oct-15,0,0.323,0.335,0.305,0.301,0.284,,0.171,0.126,0.226,0.222,0.203,,
18-Oct-15,0,0.322,0.327,0.311,0.298,0.292,,0.167,0.096,0.231,0.207,0.204,,
19-Oct-15,0,0.332,0.322,0.314,0.303,0.294,,0.168,0.093,0.229,0.209,0.203,,
20-Oct-15,0,0.331,0.324,0.316,0.309,0.291,,0.168,0.09,0.23,0.209,0.203,,
21-Oct-15,0,0.336,0.315,0.316,0.31,0.299,,0.169,0.085,0.226,0.207,0.2,,
22-Oct-15,0,0.342,0.315,0.313,0.305,0.302,,0.169,0.082,0.226,0.209,0.202,,
23-Oct-15,0,0.352,0.312,0.328,0.311,0.292,,0.167,0.08,0.229,0.201,0.202,,
24-Oct-15,0,0.357,0.31,0.324,0.318,0.292,,0.164,0.073,0.227,0.196,0.201,,
25-Oct-15,0,0.357,0.313,0.325,0.317,0.298,,0.163,0.068,0.227,0.194,0.2,,
26-Oct-15,0,0.358,0.313,0.325,0.317,0.298,,0.164,0.069,0.227,0.194,0.201,,
27-Oct-15,0,0.358,0.318,0.328,0.316,0.296,,0.163,0.073,0.226,0.195,0.204,,
28-Oct-15,0,0.357,0.326,0.337,0.325,0.299,,0.163,0.066,0.222,0.19,0.197,,
29-Oct-15,0,0.358,0.327,0.337,0.323,0.301,,0.163,0.064,0.221,0.189,0.198,,
30-Oct-15,0,0.367,0.335,0.338,0.322,0.309,,0.155,0.05,0.218,0.173,0.193,,
31-Oct-15,0,0.372,0.338,0.343,0.326,0.31,,0.156,0.05,0.219,0.172,0.192,,
1-Nov-15,0,0.371,0.339,0.344,0.326,0.309,,0.156,0.05,0.219,0.172,0.195,,
2-Nov-15,0,0.382,0.343,0.344,0.335,0.313,,0.157,0.052,0.218,0.176,0.195,,
3-Nov-15,0,0.383,0.342,0.343,0.344,0.308,,0.158,0.057,0.219,0.193,0.194,,
4-Nov-15,0,0.381,0.345,0.34,0.355,0.307,,0.152,0.024,0.225,0.173,0.202,,
5-Nov-15,0,0.382,0.345,0.343,0.358,0.307,,0.152,0.021,0.226,0.174,0.199,,
6-Nov-15,0,0.384,0.349,0.344,0.356,0.312,,0.148,0.017,0.227,0.182,0.198,,
7-Nov-15,0,0.385,0.35,0.347,0.359,0.311,,0.149,0.017,0.227,0.199,0.199,,
8-Nov-15,0,0.388,0.355,0.346,0.367,0.332,,0.144,0.007,0.226,0.2,0.195,,
9-Nov-15,0,0.387,0.358,0.344,0.353,0.325,,0.147,0.012,0.227,0.19,0.191,,
10-Nov-15,0,0.391,0.362,0.345,0.352,0.322,,0.146,0.009,0.226,0.18,0.192,,
11-Nov-15,0,0.386,0.358,0.348,0.353,0.323,,0.152,0.006,0.231,0.181,0.2,,
12-Nov-15,0,0.39,0.356,0.351,0.359,0.321,,0.139,0.012,0.235,0.196,0.202,,
13-Nov-15,0,0.397,0.35,0.34,0.354,0.313,,0.136,0.001,0.246,0.191,0.22,,
14-Nov-15,0,0.396,0.349,0.341,0.354,0.314,,0.137,0.003,0.247,0.187,0.221,,
15-Nov-15,0,0.394,0.348,0.349,0.361,0.314,,0.139,0.015,0.254,0.188,0.242,,
16-Nov-15,0,0.393,0.348,0.348,0.36,0.318,,0.136,0.018,0.254,0.186,0.249,,
17-Nov-15,0,0.393,0.348,0.348,0.361,0.318,,0.137,0.019,0.255,0.186,0.25,,
18-Nov-15,0,0.378,0.343,0.348,0.353,0.314,,0.135,0.014,0.26,0.18,0.256,,
19-Nov-15,0,0.38,0.344,0.35,0.348,0.318,,0.131,0.002,0.264,0.194,0.272,,
20-Nov-15,0,0.391,0.347,0.352,0.346,0.316,,0.134,0.006,0.266,0.165,0.3,,
21-Nov-15,0,0.391,0.347,0.349,0.342,0.319,,0.135,0.01,0.265,0.166,0.314,,
22-Nov-15,0,0.387,0.336,0.339,0.339,0.31,,0.159,0.021,0.276,0.156,0.345,,
23-Nov-15,0,0.388,0.337,0.34,0.338,0.312,,0.16,0.018,0.277,0.172,0.347,,
24-Nov-15,0,0.392,0.334,0.334,0.339,0.313,,0.152,0.051,0.279,0.178,0.342,,
25-Nov-15,0,0.392,0.332,0.332,0.345,0.307,,0.155,0.047,0.283,0.163,0.35,,
26-Nov-15,0,0.392,0.333,0.332,0.345,0.307,,0.155,0.047,0.282,0.158,0.351,,
27-Nov-15,0,0.399,0.333,0.33,0.341,0.309,,0.144,0.023,0.283,0.165,0.357,,
28-Nov-15,0,0.394,0.329,0.329,0.332,0.309,,0.146,0.021,0.28,0.148,0.356,,
29-Nov-15,0,0.397,0.333,0.332,0.326,0.318,,0.151,0.026,0.274,0.16,0.358,,
30-Nov-15,0,0.398,0.333,0.331,0.327,0.318,,0.151,0.028,0.274,0.137,0.357,,
1-Dec-15,0,0.398,0.333,0.331,0.327,0.318,,0.15,0.03,0.275,0.137,0.356,,
2-Dec-15,0,0.399,0.332,0.333,0.324,0.319,,0.18,0.024,0.274,0.172,0.36,,
3-Dec-15,0,,0.333,0.334,0.324,0.32,,0.179,0.022,0.275,0.172,0.359,,
4-Dec-15,0,0.399,0.332,0.334,0.325,0.32,,0.179,0.02,0.275,0.172,0.358,,
5-Dec-15,0,0.391,0.317,0.311,0.314,0.31,,0.183,0.047,0.262,0.193,0.336,,
6-Dec-15,0,0.385,0.314,0.312,0.308,0.319,,0.193,0.059,0.283,0.206,0.32,,
7-Dec-15,0,0.384,0.316,0.316,0.326,0.323,,0.194,0.083,0.293,0.207,0.311,,
8-Dec-15,0,0.379,0.317,0.321,0.326,0.341,,0.157,0.052,0.297,0.2,0.303,,
9-Dec-15,0,0.376,0.311,0.32,0.339,0.314,,0.162,0.053,0.293,0.215,0.303,,
10-Dec-15,0,0.378,0.32,0.326,0.343,0.313,,0.181,0.036,0.291,0.091,0.301,,
11-Dec-15,0,0.378,0.32,0.326,0.343,0.313,,0.182,0.036,0.29,0.091,0.3,,
12-Dec-15,0,0.391,0.318,0.326,0.344,0.312,,0.182,0.035,0.29,0.09,0.3,,
13-Dec-15,0,0.385,0.318,0.321,0.343,0.379,,0.186,0.022,0.286,0.07,0.293,,
14-Dec-15,0,0.385,0.318,0.322,0.343,0.379,,0.186,0.022,0.285,0.069,0.293,,
15-Dec-15,0,0.386,0.318,0.322,0.343,0.379,,0.186,0.02,0.285,0.069,0.294,,
16-Dec-15,0,0.387,0.319,0.323,0.344,0.38,,0.185,0.02,0.285,0.067,0.294,,
17-Dec-15,0,0.388,0.319,0.323,0.344,0.38,,0.185,0.02,0.285,0.067,0.294,,
18-Dec-15,0,0.389,0.32,0.323,0.344,0.38,,0.185,0.02,0.285,0.067,0.294,,
19-Dec-15,0,0.415,0.347,0.317,0.332,0.287,,0.218,0.03,0.295,0.083,0.311,,
20-Dec-15,0,0.414,0.347,0.317,0.332,0.287,,0.218,0.03,0.295,0.084,0.312,,
21-Dec-15,0,0.427,0.355,0.319,0.331,0.286,,0.219,0.023,0.295,0.072,0.319,,
22-Dec-15,0,0.406,0.356,0.319,0.337,0.303,,0.234,0.034,0.339,0.097,0.317,,
23-Dec-15,0,0.407,0.356,0.318,0.333,0.304,,0.235,0.031,0.341,0.098,0.297,,
24-Dec-15,0,0.407,0.347,0.299,0.339,0.27,,0.234,0.013,0.37,0.09,0.346,,
25-Dec-15,0,0.394,0.323,0.299,0.367,0.272,,0.228,-0.005,0.375,0.137,0.356,,
26-Dec-15,0,0.392,0.323,0.299,0.367,0.272,,0.228,-0.004,0.374,0.137,0.356,,
27-Dec-15,0,0.391,0.322,0.299,0.367,0.271,,0.228,-0.012,0.374,0.137,0.358,,
28-Dec-15,0,0.373,0.311,0.299,0.366,0.27,,0.227,-0.019,0.375,0.136,0.359,,
29-Dec-15,0,0.373,0.31,0.299,0.365,0.269,,0.228,-0.027,0.374,0.136,0.36,,
30-Dec-15,0,0.372,0.309,0.299,0.364,0.268,,0.227,-0.028,0.375,0.133,0.361,,
31-Dec-15,0,0.377,0.311,0.296,0.364,0.268,,0.23,-0.029,0.374,0.139,0.346,,
1-Jan-16,0,0.376,0.31,0.296,0.364,0.267,,0.23,-0.028,0.375,0.14,0.346,,
2-Jan-16,0,0.376,0.31,0.296,0.364,0.267,,0.23,-0.027,0.374,0.14,0.345,,
3-Jan-16,0,0.377,0.311,0.296,0.363,0.267,,0.231,-0.027,0.375,0.141,0.343,,
4-Jan-16,0,0.375,0.34,0.298,0.368,0.267,,0.218,-0.022,0.378,0.14,0.35,,
5-Jan-16,0,0.375,0.341,0.298,0.368,0.267,,0.218,-0.022,0.378,0.141,0.35,,
6-Jan-16,0,0.376,0.341,0.297,0.368,0.267,,0.219,-0.022,0.379,0.141,0.349,,
7-Jan-16,0,0.362,0.324,0.293,0.359,0.259,,0.23,-0.062,0.369,0.107,0.357,,
8-Jan-16,0,0.359,0.325,0.292,0.37,0.275,,0.231,-0.149,0.364,0.119,0.322,,
9-Jan-16,0,0.347,0.328,0.299,,0.293,,0.247,,,0.131,0.293,,
10-Jan-16,0,0.389,0.342,,,,,0.259,,,0.128,0.209,,
11-Jan-16,0,0.402,0.35,0.334,,0.31,,0.245,-0.145,,0.14,0.347,,
12-Jan-16,0,0.402,0.35,0.334,,0.309,,0.244,-0.145,,0.138,0.349,,
13-Jan-16,0,0.401,0.35,0.335,,0.309,,0.243,-0.254,0.404,0.136,0.391,,
14-Jan-16,Day of,0.4,0.349,0.335,,0.308,,0.242,-0.254,0.404,0.135,0.391,,
15-Jan-16,1,0.4,0.349,0.335,,0.308,,0.242,-0.254,0.404,0.133,0.392,,
16-Jan-16,1,0.387,0.345,,,0.307,,0.225,-0.256,0.404,0.021,0.452,,
17-Jan-16,1,0.388,0.346,,,0.306,,0.225,-0.258,0.405,0.017,0.455,,
18-Jan-16,1,0.389,0.346,,,0.305,,0.225,-0.139,0.405,0.013,0.458,,
19-Jan-16,1,0.375,0.338,0.311,0.36,0.287,,0.225,-0.261,0.406,0.009,0.444,,
20-Jan-16,1,0.377,0.351,0.332,0.42,0.28,,0.223,0.046,0.415,0.004,0.443,,
21-Jan-16,1,0.377,0.351,0.331,0.421,0.279,,0.223,0.046,0.416,0.002,0.442,,
22-Jan-16,1,0.377,0.351,0.331,0.421,0.278,,0.223,0.045,0.416,0.001,0.44,,
23-Jan-16,1,0.376,0.351,0.33,0.422,0.276,,0.223,0.045,0.417,-0.001,0.439,,
24-Jan-16,1,0.385,0.362,0.329,0.422,0.262,,0.217,0.117,0.417,0.111,0.576,,
25-Jan-16,1,0.394,0.357,0.339,0.425,0.28,,0.247,-0.007,0.4,0.115,0.335,,
26-Jan-16,1,0.393,0.357,0.338,0.425,0.279,,0.247,-0.004,0.4,0.12,0.335,,
27-Jan-16,1,0.394,0.362,0.342,0.336,0.28,,0.272,0.017,0.389,0.194,0.441,,
28-Jan-16,1,0.395,0.353,0.342,0.337,0.281,,0.246,0.016,0.388,0.197,0.442,,
29-Jan-16,1,0.414,0.36,0.336,0.337,0.281,,0.239,0.012,0.381,-0.12,0.487,,
30-Jan-16,1,0.415,0.36,0.37,0.339,0.283,,0.236,0,0.372,0.069,0.519,,
31-Jan-16,1,0.42,0.348,0.368,0.365,0.304,,0.218,0.082,0.372,0.137,0.514,,
1-Feb-16,1,0.421,0.339,0.368,0.36,0.313,,0.238,0.147,0.37,0.208,0.506,,
2-Feb-16,1,0.423,0.336,0.368,0.359,0.313,,0.237,0.147,0.37,0.207,0.509,,
3-Feb-16,1,0.422,0.331,0.364,0.359,0.312,,0.246,0.103,0.377,0.295,0.464,,
4-Feb-16,1,0.423,0.332,0.354,0.313,0.32,,0.245,0.105,0.378,0.295,0.49,,
5-Feb-16,1,0.423,0.332,0.354,0.32,0.319,,0.248,0.145,0.377,0.296,0.488,,
6-Feb-16,1,0.425,0.331,0.36,0.356,0.325,,0.252,0.169,0.38,0.248,0.481,,
7-Feb-16,1,0.425,0.33,0.36,0.356,0.325,,0.252,0.172,0.381,0.249,0.479,,
8-Feb-16,1,0.427,0.332,0.363,0.363,0.334,,0.258,0.157,0.385,0.259,0.47,,
9-Feb-16,1,0.427,0.332,0.363,0.357,0.334,,0.258,0.157,0.387,0.218,0.465,,
10-Feb-16,1,0.428,0.332,0.363,0.352,0.332,,0.258,0.186,0.392,0.246,0.476,,
11-Feb-16,1,0.428,0.332,0.363,0.352,0.332,,0.257,0.186,0.392,0.245,0.475,,
12-Feb-16,1,0.431,0.328,0.365,0.36,0.342,,0.252,0.211,0.393,0.245,0.454,,
13-Feb-16,1,0.432,0.329,0.365,0.36,0.343,,0.264,0.211,0.395,0.244,0.452,,
14-Feb-16,1,0.429,0.328,0.368,0.359,0.343,,0.276,0.242,0.397,0.224,0.449,,
15-Feb-16,1,0.435,0.332,0.372,0.359,0.324,,0.276,0.233,0.399,0.213,0.424,,
16-Feb-16,1,0.434,0.325,0.381,0.354,0.317,,0.294,0.231,0.399,0.228,0.42,,
17-Feb-16,1,0.439,0.327,0.375,0.364,0.324,,0.298,0.214,0.407,0.226,0.414,,
18-Feb-16,1,0.44,0.33,0.374,0.363,0.322,,0.298,0.215,0.407,0.224,0.412,,
19-Feb-16,1,0.447,0.334,0.379,0.364,0.321,,0.302,0.212,0.404,0.239,0.416,,
20-Feb-16,1,0.446,0.336,0.38,0.363,0.319,,0.302,0.212,0.405,0.237,0.413,,
21-Feb-16,1,0.446,0.335,0.38,0.362,0.317,,0.303,0.215,0.406,0.236,0.41,,
22-Feb-16,1,0.445,0.335,0.374,0.366,0.294,,0.311,0.204,0.42,0.246,0.402,,
23-Feb-16,1,0.445,0.334,0.374,0.388,0.29,,0.304,0.194,0.417,0.244,0.399,,
24-Feb-16,1,0.442,0.332,0.371,0.389,0.281,,0.314,0.19,0.422,0.236,0.39,,
25-Feb-16,1,0.442,0.332,0.371,0.392,0.279,,0.314,0.19,0.423,0.242,0.39,,
26-Feb-16,1,0.441,0.331,0.371,0.392,0.276,,0.313,0.189,0.425,0.241,0.391,,
27-Feb-16,1,0.441,0.33,0.371,0.392,0.274,,0.312,0.189,0.426,0.241,0.391,,
28-Feb-16,1,0.441,0.329,0.371,0.391,0.272,,0.302,0.151,0.427,0.3,0.456,,
29-Feb-16,1,0.441,0.328,0.371,0.39,0.269,,0.302,0.149,0.429,0.3,0.458,,
1-Mar-16,1,0.433,0.336,0.381,0.395,0.298,,0.302,0.15,0.416,0.297,0.495,,
2-Mar-16,1,0.424,0.334,0.381,0.394,0.31,,0.305,0.201,0.416,0.298,0.529,,
3-Mar-16,1,0.427,0.337,0.383,0.388,0.307,,0.311,0.163,0.41,0.174,0.527,,
4-Mar-16,1,0.424,0.339,0.389,0.388,0.301,,0.313,0.171,0.41,0.29,0.552,,
5-Mar-16,1,0.424,0.343,0.392,0.387,0.307,,0.311,0.172,0.41,0.29,0.557,,
6-Mar-16,1,0.424,0.343,0.392,0.387,0.307,,0.31,0.174,0.41,0.291,0.561,,
7-Mar-16,1,0.422,0.341,0.393,0.386,0.306,,0.309,0.175,0.411,0.289,0.574,,
8-Mar-16,1,0.429,0.348,0.377,0.387,0.312,,0.292,0.126,0.424,0.157,0.569,,
9-Mar-16,1,0.423,0.364,0.374,0.398,0.337,,0.301,0.124,0.426,0.188,0.596,,
10-Mar-16,1,0.416,0.363,0.375,0.423,0.318,,0.324,0.129,0.413,0.274,0.579,,
11-Mar-16,1,0.428,0.361,0.375,0.392,0.347,,0.322,0.183,0.398,0.247,0.562,,
12-Mar-16,1,0.427,0.36,0.374,0.391,0.349,,0.322,0.184,0.402,0.245,0.562,,
13-Mar-16,1,0.427,0.36,0.373,0.391,0.348,,0.322,0.185,0.403,0.247,0.561,,
14-Mar-16,1,0.427,0.359,0.373,0.391,0.347,,0.322,0.187,0.403,0.248,0.56,,
15-Mar-16,1,0.428,0.359,0.374,0.388,0.345,,0.336,0.188,0.404,0.276,0.564,,
16-Mar-16,1,0.433,0.362,0.377,0.388,0.349,,0.336,0.188,0.405,0.286,0.561,,
17-Mar-16,1,0.443,0.366,0.372,0.388,0.351,,0.346,0.184,0.415,0.294,0.55,,
18-Mar-16,1,0.447,0.368,0.374,0.387,0.334,,0.351,0.204,0.414,0.307,0.53,,
19-Mar-16,1,0.446,0.366,0.374,0.386,0.331,,0.351,0.209,0.426,0.325,0.531,,
20-Mar-16,1,0.437,0.37,0.373,0.387,0.332,,0.349,0.21,0.427,0.326,0.543,,
21-Mar-16,1,0.438,0.369,0.373,0.384,0.332,,0.349,0.205,0.427,0.327,0.541,,
22-Mar-16,1,0.434,0.37,0.373,0.355,0.335,,0.342,0.206,0.428,0.342,0.545,,
23-Mar-16,1,0.434,0.37,0.37,0.355,0.336,,0.342,0.207,0.428,0.343,0.544,,
24-Mar-16,1,0.434,0.371,0.372,0.364,0.338,,0.339,0.2,0.413,0.351,0.549,,
25-Mar-16,1,0.44,0.37,0.367,0.368,0.345,,0.335,0.205,0.401,0.365,0.552,,
26-Mar-16,1,0.433,0.373,0.367,0.363,0.341,,0.329,0.231,0.39,0.368,0.549,,
27-Mar-16,1,0.43,0.375,0.365,0.36,0.338,,0.332,0.223,0.377,0.374,0.555,,
28-Mar-16,1,0.43,0.374,0.362,0.362,0.338,,0.327,0.227,0.389,0.375,0.561,,
29-Mar-16,1,0.432,0.371,0.365,0.361,0.335,,0.32,0.212,0.385,0.369,0.549,,
30-Mar-16,1,0.432,0.37,0.364,0.359,0.334,,0.319,0.21,0.386,0.368,0.548,,
31-Mar-16,1,0.433,0.371,0.363,0.358,0.333,,0.315,0.21,0.386,0.371,0.54,,
1-Apr-16,1,0.432,0.369,0.359,0.358,0.332,,0.316,0.211,0.385,0.372,0.536,,
2-Apr-16,1,0.428,0.367,0.356,0.358,0.328,,0.308,0.211,0.385,0.373,0.534,,
3-Apr-16,1,0.424,0.366,0.353,0.361,0.345,,0.298,0.199,0.386,0.38,0.551,,
4-Apr-16,1,0.427,0.366,0.343,0.35,0.347,,0.296,0.203,0.381,0.371,0.548,,
5-Apr-16,1,0.433,0.364,0.346,0.346,0.343,,0.292,0.202,0.38,0.37,0.539,,
6-Apr-16,1,0.434,0.365,0.345,0.343,0.34,,0.286,0.203,0.379,0.368,0.539,,
7-Apr-16,1,0.438,0.365,0.344,0.366,0.332,,0.287,0.203,0.379,0.361,0.53,,
8-Apr-16,1,0.437,0.367,0.356,0.362,0.332,,0.302,0.205,0.366,0.362,0.541,,
9-Apr-16,1,0.422,0.368,0.349,0.377,0.326,,0.319,0.231,0.35,0.368,0.494,,
10-Apr-16,1,0.42,0.37,0.365,0.393,0.332,,0.324,0.233,0.333,0.386,0.472,,
11-Apr-16,1,0.429,0.376,0.361,0.396,0.329,,0.334,0.234,0.342,0.386,0.465,,
12-Apr-16,1,0.428,0.375,0.36,0.396,0.329,,0.334,0.235,0.341,0.387,0.465,,
13-Apr-16,1,0.428,0.376,0.363,0.397,0.328,,0.329,0.242,0.339,0.392,0.46,,
14-Apr-16,1,0.425,0.38,0.353,0.408,0.334,,0.348,0.235,0.335,0.4,0.47,,
15-Apr-16,1,0.424,0.379,0.353,0.408,0.334,,0.35,0.237,0.334,0.402,0.47,,
16-Apr-16,1,0.421,0.323,0.359,0.405,0.322,,0.349,0.238,0.34,0.394,0.47,,
17-Apr-16,1,0.421,0.379,0.36,0.405,0.321,,0.348,0.238,0.34,0.395,0.47,,
18-Apr-16,1,0.428,0.383,0.372,0.414,0.331,,0.333,0.238,0.341,0.386,0.472,,
19-Apr-16,1,0.428,0.391,0.373,0.414,0.331,,0.331,0.236,0.341,0.385,0.472,,
20-Apr-16,1,0.428,0.391,0.373,0.414,0.331,,0.33,0.235,0.341,0.383,0.473,,
21-Apr-16,1,0.428,0.385,0.372,0.414,0.33,,0.332,0.227,0.346,0.341,0.469,,
22-Apr-16,1,0.426,0.387,0.371,0.413,0.33,,0.328,0.224,0.344,0.332,0.469,,
23-Apr-16,1,0.423,0.299,0.374,0.407,0.333,,0.309,0.204,0.347,0.327,0.455,,
24-Apr-16,1,0.426,0.385,0.371,0.414,0.324,,0.294,0.21,0.342,0.327,0.453,,
25-Apr-16,1,0.435,0.381,0.372,0.407,0.325,,0.281,0.193,0.344,0.314,0.455,,
26-Apr-16,1,0.434,0.387,0.37,0.403,0.32,,0.285,0.192,0.347,0.3,0.452,,
27-Apr-16,1,0.44,0.386,0.377,0.392,0.331,,0.289,0.184,0.358,0.289,0.432,,
28-Apr-16,1,0.44,0.385,0.377,0.391,0.33,,0.288,0.185,0.357,0.288,0.43,,
29-Apr-16,1,0.439,0.376,0.376,0.39,0.33,,0.292,0.185,0.358,0.289,0.437,,
30-Apr-16,1,0.439,0.383,0.376,0.389,0.329,,0.283,0.191,0.357,0.289,0.429,,
1-May-16,1,0.44,0.375,0.375,0.388,0.328,,0.283,0.191,0.356,0.291,0.429,,
2-May-16,1,0.44,0.374,0.372,0.387,0.34,,0.286,0.191,0.352,0.289,0.431,,
3-May-16,1,0.441,0.378,0.375,0.398,0.341,,0.289,0.176,0.351,0.295,0.415,,
4-May-16,1,0.438,0.374,0.366,0.385,0.326,,0.293,0.175,0.352,0.296,0.405,,
5-May-16,1,0.436,0.369,0.363,0.385,0.326,,0.291,0.192,0.342,0.286,0.393,,
6-May-16,1,0.431,0.369,0.365,0.388,0.333,,0.29,0.191,0.339,0.288,0.393,,
7-May-16,1,0.431,0.372,0.366,0.366,0.334,,0.279,0.192,0.331,0.312,0.383,,
8-May-16,1,0.429,0.37,0.367,0.363,0.335,,0.279,0.188,0.332,0.314,0.365,,
9-May-16,1,0.433,0.375,0.357,0.368,0.341,,0.286,0.201,0.326,0.316,0.36,,
10-May-16,1,0.428,0.375,0.362,0.368,0.367,,0.275,0.176,0.333,0.317,0.357,,
11-May-16,1,0.413,0.374,0.359,0.381,0.364,,0.268,0.193,0.332,0.32,0.334,,
12-May-16,1,0.413,0.373,0.358,0.38,0.364,,0.267,0.194,0.331,0.32,0.339,,
13-May-16,1,0.412,0.373,0.358,0.38,0.363,,0.266,0.193,0.332,0.32,0.338,,
14-May-16,1,0.412,0.373,0.358,0.379,0.364,,0.265,0.192,0.332,0.32,0.338,,
15-May-16,1,0.412,0.373,0.358,0.378,0.365,,0.264,0.191,0.333,0.32,0.339,,
16-May-16,1,0.411,0.369,0.355,0.375,0.352,,0.252,0.195,0.319,0.307,0.33,,
17-May-16,1,0.41,0.369,0.355,0.374,0.353,,0.247,0.196,0.311,0.307,0.331,,
18-May-16,1,0.41,0.362,0.352,0.365,0.345,,0.24,0.194,0.305,0.298,0.326,,
19-May-16,1,0.409,0.364,0.35,0.352,0.348,,0.231,0.204,0.297,0.282,0.322,,
20-May-16,1,0.398,0.367,0.338,0.338,0.348,,0.237,0.208,0.275,0.272,0.315,,
21-May-16,1,0.39,0.369,0.337,0.351,0.347,,0.23,0.2,0.269,0.26,0.311,,
22-May-16,1,0.392,0.37,0.333,0.353,0.345,,0.228,0.211,0.273,0.255,0.318,,
23-May-16,1,0.388,0.366,0.33,0.35,0.34,,0.223,0.212,0.276,0.245,0.307,,
24-May-16,1,0.386,0.367,0.33,0.354,0.334,,0.219,0.209,0.274,0.233,0.299,,
25-May-16,1,0.383,0.36,0.328,0.354,0.327,,0.215,0.219,0.273,0.227,0.288,,
26-May-16,1,0.382,0.358,0.324,0.346,0.317,,0.222,0.217,0.271,0.201,0.275,,
27-May-16,1,0.384,0.357,0.317,0.345,0.309,,0.216,0.213,0.269,0.2,0.263,,
28-May-16,1,0.384,0.356,0.317,0.346,0.309,,0.215,0.212,0.27,0.2,0.265,,
29-May-16,1,0.383,0.355,0.318,0.341,0.309,,0.214,0.212,0.27,0.206,0.26,,
30-May-16,1,0.383,0.354,0.322,0.337,0.313,,0.213,0.191,0.27,0.206,0.25,,
31-May-16,1,0.381,0.353,0.32,0.336,0.313,,0.209,0.185,0.271,0.205,0.249,,
1-Jun-16,1,0.38,0.352,0.319,0.335,0.315,,0.204,0.175,0.274,0.203,0.242,,
2-Jun-16,1,0.381,0.352,0.32,0.335,0.315,,0.199,0.17,0.274,0.2,0.24,,
3-Jun-16,1,0.378,0.351,0.32,0.336,0.32,,0.201,0.159,0.275,0.199,0.231,,
4-Jun-16,1,0.373,0.352,0.32,0.334,0.324,,0.196,0.159,0.264,0.198,0.224,,
5-Jun-16,1,0.38,0.345,0.324,0.342,0.326,,0.187,0.149,0.271,0.196,0.219,,
6-Jun-16,1,0.382,0.342,0.327,0.334,0.326,,0.175,0.142,0.271,0.195,0.211,,
7-Jun-16,1,0.385,0.342,0.331,0.341,0.331,,0.174,0.135,0.273,0.191,0.208,,
8-Jun-16,1,0.387,0.342,0.331,0.34,0.332,,0.171,0.132,0.27,0.187,0.208,,
9-Jun-16,1,0.386,0.342,0.33,0.34,0.329,,0.166,0.129,0.267,0.184,0.205,,
10-Jun-16,1,0.385,0.343,0.33,0.341,0.33,,0.163,0.12,0.264,0.182,0.203,,
11-Jun-16,1,0.384,0.342,0.326,0.337,0.335,,0.158,0.117,0.261,0.184,0.205,,
12-Jun-16,1,0.385,0.339,0.326,0.327,0.335,,0.164,0.127,0.259,0.188,0.205,,
13-Jun-16,1,0.385,0.337,0.324,0.329,0.333,,0.165,0.139,0.252,0.187,0.199,,
14-Jun-16,1,0.386,0.341,0.323,0.338,0.336,,0.164,0.137,0.251,0.186,0.195,,
15-Jun-16,1,0.387,0.34,0.322,0.344,0.336,,0.16,0.152,0.253,0.183,0.195,,
16-Jun-16,1,0.386,0.342,0.323,0.343,0.335,,0.162,0.157,0.25,0.184,0.197,,
17-Jun-16,1,0.385,0.343,0.323,0.342,0.325,,0.156,0.148,0.25,0.187,0.195,,
18-Jun-16,1,0.385,0.343,0.324,0.345,0.319,,0.16,0.146,0.249,0.189,0.194,,
19-Jun-16,1,0.387,0.342,0.326,0.349,0.318,,0.156,0.149,0.248,0.189,0.19,,
20-Jun-16,1,0.388,0.339,0.327,0.349,0.31,,0.159,0.144,0.248,0.188,0.19,,
21-Jun-16,1,0.384,0.342,0.327,0.348,0.312,,0.159,0.15,0.246,0.187,0.19,,
22-Jun-16,1,0.387,0.343,0.322,0.351,0.309,,0.161,0.148,0.24,0.181,0.193,,
23-Jun-16,1,0.386,0.342,0.321,0.353,0.302,,0.166,0.147,0.236,0.18,0.198,,
24-Jun-16,1,0.386,0.341,0.324,0.354,0.299,,0.165,0.148,0.234,0.17,0.2,,
25-Jun-16,1,0.385,0.339,0.322,0.351,0.303,,0.163,0.15,0.234,0.17,0.201,,
26-Jun-16,1,0.385,0.338,0.323,0.35,0.302,,0.164,0.151,0.234,0.17,0.199,,
27-Jun-16,1,0.385,0.337,0.325,0.347,0.301,,0.161,0.151,0.234,0.171,0.201,,
28-Jun-16,1,0.383,0.337,0.323,0.348,0.304,,0.16,0.15,0.227,0.164,0.199,,
29-Jun-16,1,0.382,0.336,0.324,0.349,0.305,,0.157,0.142,0.231,0.178,0.204,,
30-Jun-16,1,0.383,0.337,0.324,0.342,0.307,,0.155,0.143,0.229,0.177,0.204,,
1-Jul-16,1,0.381,0.333,0.318,0.338,0.303,,0.154,0.144,0.225,0.175,0.207,,
2-Jul-16,1,0.381,0.331,0.316,0.339,0.303,,0.151,0.141,0.225,0.174,0.203,,
3-Jul-16,1,0.38,0.329,0.315,0.338,0.303,,0.156,0.149,0.223,0.172,0.203,,
4-Jul-16,1,0.379,0.329,0.311,0.338,0.303,,0.155,0.15,0.223,0.171,0.202,,
5-Jul-16,1,0.378,0.33,0.306,0.322,0.299,,0.159,0.147,0.218,0.172,0.204,,
6-Jul-16,1,0.38,0.33,0.306,0.323,0.292,,0.163,0.152,0.216,0.173,0.2,,
7-Jul-16,1,0.379,0.327,0.305,0.319,0.295,,0.164,0.153,0.215,0.174,0.191,,
8-Jul-16,1,0.377,0.327,0.306,0.318,0.284,,0.165,0.148,0.211,0.174,0.181,,
9-Jul-16,1,0.38,0.327,0.306,0.311,0.281,,0.16,0.144,0.212,0.173,0.181,,
10-Jul-16,1,0.381,0.327,0.303,0.311,0.281,,0.16,0.133,0.211,0.177,0.175,,
11-Jul-16,1,0.382,0.326,0.304,0.314,0.281,,0.161,0.13,0.211,0.176,0.173,,
12-Jul-16,1,0.383,0.326,0.303,0.314,0.282,,0.161,0.125,0.211,0.173,0.17,,
13-Jul-16,1,0.382,0.325,0.305,0.307,0.282,,0.162,0.12,0.211,0.174,0.163,,
14-Jul-16,1,0.383,0.326,0.307,0.308,0.272,,0.158,0.124,0.215,0.171,0.166,,
15-Jul-16,1,0.381,0.327,0.306,0.316,0.271,,0.157,0.127,0.214,0.17,0.167,,
16-Jul-16,1,0.381,0.326,0.307,0.312,0.269,,0.157,0.124,0.216,0.17,0.164,,
17-Jul-16,1,0.382,0.326,0.31,0.311,0.268,,0.156,0.121,0.215,0.17,0.166,,
18-Jul-16,1,0.382,0.325,0.308,0.311,0.268,,0.159,0.124,0.215,0.17,0.165,,
19-Jul-16,1,0.382,0.323,0.308,0.313,0.272,,0.16,0.122,0.214,0.166,0.165,,
20-Jul-16,1,0.38,0.321,0.308,0.31,0.272,,0.159,0.121,0.213,0.167,0.168,,
21-Jul-16,1,0.378,0.321,0.307,0.315,0.276,,0.159,0.115,0.213,0.166,0.173,,
22-Jul-16,1,0.376,0.319,0.309,0.315,0.282,,0.153,0.108,0.213,0.166,0.181,,
23-Jul-16,1,0.378,0.323,0.304,0.318,0.273,,0.156,0.105,0.213,0.168,0.186,,
24-Jul-16,1,0.376,0.32,0.304,0.307,0.289,,0.152,0.107,0.217,0.17,0.192,,
25-Jul-16,1,0.376,0.323,0.302,0.304,0.293,,0.152,0.105,0.218,0.171,0.19,,
26-Jul-16,1,0.375,0.324,0.301,0.302,0.291,,0.154,0.111,0.217,0.171,0.192,,
27-Jul-16,1,0.375,0.323,0.3,0.303,0.291,,0.157,0.112,0.216,0.172,0.195,,
28-Jul-16,1,0.372,0.321,0.299,0.295,0.291,,0.159,0.108,0.216,0.171,0.199,,
29-Jul-16,1,0.37,0.324,0.296,0.298,0.292,,0.162,0.111,0.214,0.172,0.203,,
30-Jul-16,1,0.368,0.322,0.295,0.294,0.301,,0.166,0.113,0.214,0.172,0.203,,
31-Jul-16,1,0.373,0.322,0.298,0.28,0.304,,0.167,0.114,0.215,0.172,0.203,,
1-Aug-16,1,0.371,0.322,0.3,0.29,0.306,,0.162,0.114,0.217,0.172,0.208,,
2-Aug-16,1,0.367,0.326,0.298,0.286,0.307,,0.164,0.109,0.218,0.172,0.206,,
3-Aug-16,1,0.368,0.327,0.3,0.289,0.307,,0.163,0.104,0.216,0.17,0.205,,
4-Aug-16,1,0.368,0.328,0.3,0.285,0.306,,0.163,0.101,0.218,0.172,0.205,,
5-Aug-16,1,0.369,0.33,0.301,0.286,0.308,,0.16,0.103,0.218,0.171,0.203,,
6-Aug-16,1,0.369,0.329,0.304,0.289,0.305,,0.157,0.107,0.22,0.174,0.201,,
7-Aug-16,1,0.373,0.329,0.302,0.294,0.304,,0.163,0.107,0.221,0.172,0.197,,
8-Aug-16,1,0.369,0.324,0.307,0.291,0.302,,0.159,0.103,0.222,0.172,0.197,,
9-Aug-16,1,0.367,0.324,0.307,0.297,0.302,,0.162,0.104,0.221,0.173,0.195,,
10-Aug-16,1,0.366,0.322,0.308,0.301,0.302,,0.164,0.107,0.222,0.174,0.195,,
11-Aug-16,1,0.363,0.321,0.309,0.3,0.304,,0.162,0.104,0.221,0.176,0.197,,
12-Aug-16,1,0.362,0.321,0.309,0.298,0.303,,0.163,0.107,0.223,0.177,0.193,,
13-Aug-16,1,0.363,0.323,0.309,0.299,0.299,,0.161,0.113,0.223,0.182,0.192,,
14-Aug-16,1,0.364,0.32,0.31,0.298,0.298,,0.161,0.116,0.224,0.182,0.193,,
15-Aug-16,1,0.365,0.32,0.312,0.293,0.299,,0.162,0.116,0.225,0.184,0.193,,
16-Aug-16,1,0.359,0.323,0.308,0.298,0.295,,0.162,0.115,0.225,0.185,0.195,,
17-Aug-16,1,0.357,0.316,0.306,0.293,0.291,,0.166,0.118,0.222,0.189,0.195,,
18-Aug-16,1,0.357,0.314,0.306,0.297,0.294,,0.166,0.117,0.223,0.191,0.197,,
19-Aug-16,1,0.356,0.315,0.306,0.296,0.292,,0.166,0.115,0.225,0.191,0.198,,
20-Aug-16,1,0.354,0.315,0.305,0.3,0.291,,0.168,0.113,0.224,0.189,0.201,,
21-Aug-16,1,0.355,0.313,0.303,0.298,0.287,,0.167,0.112,0.224,0.189,0.202,,
22-Aug-16,1,0.352,0.308,0.297,0.3,0.287,,0.168,0.118,0.223,0.187,0.204,,
23-Aug-16,1,0.346,0.317,0.294,0.305,0.284,,0.165,0.11,0.22,0.188,0.203,,
24-Aug-16,1,0.351,0.319,0.287,0.306,0.276,,0.162,0.107,0.219,0.199,0.202,,
25-Aug-16,1,0.352,0.322,0.29,0.31,0.274,,0.16,0.102,0.22,0.196,0.205,,
26-Aug-16,1,0.349,0.325,0.29,0.309,0.275,,0.161,0.099,0.22,0.186,0.204,,
27-Aug-16,1,0.353,0.324,0.292,0.309,0.278,,0.158,0.098,0.219,0.198,0.202,,
28-Aug-16,1,0.355,0.324,0.291,0.309,0.279,,0.156,0.096,0.218,0.197,0.202,,
29-Aug-16,1,0.357,0.325,0.292,0.313,0.285,,0.153,0.091,0.218,0.196,0.2,,
30-Aug-16,1,0.36,0.327,0.293,0.311,0.285,,0.15,0.091,0.218,0.196,0.197,,
31-Aug-16,1,0.363,0.328,0.292,0.31,0.278,,0.15,0.089,0.216,0.197,0.196,,
1-Sep-16,1,0.368,0.324,0.296,0.307,0.28,,0.144,0.083,0.215,0.195,0.194,,
2-Sep-16,1,0.37,0.332,0.298,0.301,0.282,,0.139,0.079,0.217,0.192,0.196,,
3-Sep-16,1,0.373,0.33,0.304,0.299,0.284,,0.137,0.081,0.217,0.194,0.193,,
4-Sep-16,1,0.373,0.328,0.304,0.296,0.286,,0.137,0.094,0.216,0.194,0.195,,
5-Sep-16,1,0.375,0.33,0.306,0.293,0.289,,0.139,0.083,0.216,0.2,0.19,,
6-Sep-16,1,0.376,0.33,0.309,0.292,0.29,,0.143,0.084,0.216,0.191,0.187,,
7-Sep-16,1,0.378,0.335,0.31,0.288,0.284,,0.144,0.072,0.215,0.199,0.19,,
8-Sep-16,1,0.383,0.331,0.32,0.293,0.289,,0.147,0.069,0.218,0.196,0.194,,
9-Sep-16,1,0.378,0.329,0.326,0.286,0.299,,0.15,0.078,0.218,0.186,0.194,,
10-Sep-16,1,0.379,0.327,0.323,0.289,0.299,,0.151,0.099,0.218,0.187,0.192,,
11-Sep-16,1,0.379,0.325,0.325,0.286,0.299,,0.15,0.091,0.218,0.188,0.192,,
12-Sep-16,1,0.373,0.324,0.32,0.283,0.298,,0.152,0.102,0.217,0.187,0.189,,
13-Sep-16,1,0.372,0.323,0.322,0.288,0.298,,0.153,0.094,0.216,0.187,0.187,,
14-Sep-16,1,0.37,0.321,0.32,0.292,0.289,,0.157,0.096,0.214,0.184,0.193,,
15-Sep-16,1,0.367,0.318,0.319,0.295,0.29,,0.159,0.093,0.214,0.184,0.191,,
16-Sep-16,1,0.362,0.315,0.317,0.303,0.3,,0.158,0.097,0.216,0.182,0.187,,
17-Sep-16,1,0.361,0.316,0.315,0.3,0.296,,0.164,0.098,0.213,0.185,0.181,,
18-Sep-16,1,0.362,0.31,0.311,0.298,0.294,,0.166,0.098,0.214,0.184,0.181,,
19-Sep-16,1,0.366,0.31,0.305,0.291,0.289,,0.162,0.096,0.213,0.18,0.181,,
20-Sep-16,1,0.366,0.31,0.304,0.287,0.29,,0.162,0.097,0.213,0.18,0.181,,
21-Sep-16,1,0.362,0.309,0.302,0.293,0.29,,0.16,0.096,0.212,0.175,0.181,,
22-Sep-16,1,0.362,0.309,0.301,0.297,0.291,,0.158,0.095,0.214,0.176,0.183,,
23-Sep-16,1,0.358,0.304,0.301,0.298,0.299,,0.158,0.105,0.214,0.175,0.179,,
24-Sep-16,1,0.36,0.304,0.296,0.296,0.301,,0.158,0.105,0.212,0.176,0.181,,
25-Sep-16,1,0.364,0.305,0.294,0.298,0.3,,0.158,0.102,0.211,0.176,0.178,,
26-Sep-16,1,0.365,0.306,0.291,0.287,0.298,,0.155,0.097,0.21,0.175,0.175,,
27-Sep-16,1,0.367,0.306,0.293,0.302,0.297,,0.159,0.093,0.21,0.174,0.171,,
28-Sep-16,1,0.374,0.31,0.295,0.303,0.298,,0.163,0.091,0.213,0.178,0.176,,
29-Sep-16,1,0.374,0.311,0.294,0.303,0.297,,0.166,0.092,0.213,0.178,0.178,,
30-Sep-16,1,0.372,0.31,0.297,0.299,0.301,,0.161,0.093,0.215,0.186,0.173,,
1-Oct-16,1,0.369,0.312,0.298,0.295,0.303,,0.162,0.096,0.212,0.185,0.176,,
2-Oct-16,1,0.375,0.315,0.304,0.281,0.297,,0.158,0.094,0.214,0.187,0.185,,
3-Oct-16,1,0.372,0.318,0.305,0.279,0.301,,0.157,0.094,0.217,0.185,0.189,,
4-Oct-16,1,0.37,0.313,0.31,0.274,0.301,,0.158,0.088,0.213,0.188,0.188,,
5-Oct-16,1,0.366,0.314,0.313,0.279,0.307,,0.16,0.085,0.213,0.191,0.189,,
6-Oct-16,1,0.364,0.314,0.31,0.289,0.305,,0.16,0.083,0.215,0.192,0.19,,
7-Oct-16,1,0.367,0.317,0.311,0.285,0.301,,0.159,0.087,0.216,0.196,0.194,,
8-Oct-16,1,0.366,0.318,0.312,0.291,0.3,,0.162,0.087,0.214,0.195,0.194,,
9-Oct-16,1,0.375,0.321,0.317,0.289,0.293,,0.16,0.079,0.219,0.199,0.201,,
10-Oct-16,1,0.368,0.321,0.313,0.287,0.287,,0.16,0.078,0.221,0.198,0.201,,
11-Oct-16,1,0.368,0.319,0.312,0.31,0.285,,0.157,0.088,0.221,0.197,0.196,,
12-Oct-16,1,0.368,0.326,0.309,0.32,0.285,,0.158,0.066,0.224,0.187,0.196,,
13-Oct-16,1,0.356,0.324,0.3,0.307,0.28,,0.156,0.058,0.224,0.182,0.187,,
14-Oct-16,1,0.356,0.328,0.304,0.314,0.28,,0.153,0.049,0.225,0.176,0.191,,
15-Oct-16,1,0.357,0.328,0.303,0.317,0.281,,0.155,0.046,0.227,0.174,0.193,,
16-Oct-16,1,0.366,0.343,0.307,0.326,0.284,,0.155,0.058,0.227,0.159,0.204,,
17-Oct-16,1,0.37,0.342,0.309,0.327,0.284,,0.156,0.062,0.231,0.114,0.205,,
18-Oct-16,1,0.363,0.346,0.306,0.334,0.283,,0.16,0.06,0.233,0.074,0.204,,
19-Oct-16,1,0.378,0.351,0.317,0.351,0.296,,0.152,0.071,0.238,0.062,0.222,,
20-Oct-16,1,0.38,0.358,0.315,0.363,0.293,,0.156,0.068,0.241,0.073,0.224,,
21-Oct-16,1,0.383,0.361,0.318,0.366,0.295,,0.158,0.067,0.243,0.074,0.226,,
22-Oct-16,1,0.383,0.363,0.319,0.365,0.295,,0.158,0.071,0.243,0.077,0.228,,
23-Oct-16,1,0.384,0.363,0.319,0.364,0.296,,0.159,0.075,0.243,0.079,0.229,,
24-Oct-16,1,0.385,0.366,0.321,0.364,0.297,,0.159,0.077,0.243,0.079,0.23,,
25-Oct-16,1,0.387,0.372,0.325,0.363,0.306,,0.158,0.079,0.243,0.078,0.237,,
26-Oct-16,1,0.392,0.373,0.33,0.36,0.307,,0.153,0.075,0.24,0.078,0.231,,
27-Oct-16,1,0.405,0.382,0.341,0.371,0.324,,0.156,0.061,0.261,0.065,0.266,,
28-Oct-16,1,0.416,0.381,0.353,0.388,0.323,,0.164,0.089,0.268,0.095,0.303,,
29-Oct-16,1,0.427,0.378,0.349,0.38,0.325,,0.166,0.1,0.265,0.326,0.308,,
30-Oct-16,1,0.434,0.386,0.356,0.379,0.334,,0.158,0.16,0.265,0.326,0.314,,
31-Oct-16,1,0.434,0.383,0.356,0.379,0.334,,0.159,0.159,0.263,0.238,0.335,,
1-Nov-16,1,0.455,0.395,0.368,0.367,0.341,,0.18,0.074,0.292,0.188,0.419,,
2-Nov-16,1,0.457,0.392,0.368,0.368,0.338,,0.183,0.072,0.292,0.187,0.414,,
3-Nov-16,1,0.458,0.392,0.368,0.369,0.338,,0.186,0.071,0.294,0.187,0.413,,
4-Nov-16,1,0.463,0.396,0.368,0.371,0.33,,0.198,0.056,0.294,0.19,0.489,,
5-Nov-16,1,0.468,0.396,0.369,0.375,0.33,,0.214,-0.002,0.289,0.189,0.487,,
6-Nov-16,1,0.471,0.397,0.364,0.385,0.329,,0.216,0.016,0.285,0.182,0.428,,
7-Nov-16,1,0.473,0.397,0.367,0.385,0.331,,0.218,0.017,0.284,0.226,0.442,,
8-Nov-16,1,0.473,0.394,0.367,0.385,0.337,,0.227,0.054,0.291,0.215,0.425,,
9-Nov-16,1,0.474,0.397,0.367,0.386,0.336,,0.227,0.054,0.29,0.218,0.459,,
10-Nov-16,1,0.471,0.39,0.362,0.392,0.325,,0.232,0.051,0.297,0.239,0.444,,
11-Nov-16,1,0.479,0.393,0.364,0.396,0.326,,0.24,0.055,0.3,0.208,0.455,,
12-Nov-16,1,0.478,0.396,0.361,0.388,0.318,,0.248,0.059,0.296,0.22,0.453,,
13-Nov-16,1,0.483,0.398,0.363,0.389,0.331,,0.251,0.067,0.298,0.211,0.448,,
14-Nov-16,1,0.489,0.398,0.367,0.389,0.331,,0.256,0.069,0.298,0.217,0.467,,
15-Nov-16,1,0.488,0.398,0.367,0.39,0.332,,0.256,0.071,0.299,0.218,0.469,,
16-Nov-16,1,0.488,0.399,0.367,0.39,0.331,,0.257,0.071,0.302,0.216,0.479,,
17-Nov-16,1,0.482,0.395,0.36,0.412,0.322,,0.266,0.043,0.293,0.221,0.519,,
18-Nov-16,1,0.48,0.392,0.363,0.413,0.327,,0.266,0.043,0.292,0.22,0.524,,
19-Nov-16,1,0.479,0.392,0.363,0.414,0.327,,0.267,0.042,0.292,0.22,0.526,,
20-Nov-16,1,0.475,0.392,0.363,0.413,0.326,,0.271,0.045,0.288,0.227,0.524,,
21-Nov-16,1,0.474,0.391,0.358,0.404,0.328,,0.264,0.101,0.301,0.222,0.53,,
22-Nov-16,1,0.47,0.394,0.366,0.405,0.331,,0.267,0.116,0.302,0.243,0.54,,
23-Nov-16,1,0.47,0.39,0.357,0.416,0.33,,0.268,0.113,0.302,0.23,0.542,,
24-Nov-16,1,0.475,0.385,0.367,0.412,0.319,,0.251,0.079,0.331,0.243,0.519,,
25-Nov-16,1,0.472,0.385,0.368,0.414,0.318,,0.247,0.034,0.329,0.215,0.521,,
26-Nov-16,1,0.476,0.385,0.404,0.414,0.33,,0.249,0.032,0.342,0.228,0.482,,
27-Nov-16,1,0.459,0.384,0.403,0.405,0.334,,0.263,0.018,0.34,0.273,0.479,,
28-Nov-16,1,0.459,0.384,0.403,0.405,0.335,,0.262,0.021,0.341,0.275,0.477,,
29-Nov-16,1,0.461,0.385,0.415,0.406,0.329,,0.246,0.015,0.343,0.277,0.526,,
30-Nov-16,1,0.405,0.385,0.416,0.405,0.329,,0.245,0.016,0.345,0.279,0.525,,
1-Dec-16,1,0.461,0.385,0.417,0.405,0.329,,0.244,0.018,0.346,0.281,0.523,,
2-Dec-16,1,0.457,0.384,0.407,0.397,0.325,,0.244,0.018,0.347,0.283,0.52,,
3-Dec-16,1,0.462,0.385,0.416,0.398,0.328,,0.216,0.041,0.367,0.346,0.412,,
4-Dec-16,1,0.462,0.386,0.416,0.398,0.328,,0.216,0.04,0.367,0.345,0.413,,
5-Dec-16,1,0.37,0.385,0.416,0.399,0.328,,0.215,0.039,0.367,0.346,0.415,,
6-Dec-16,1,0.467,0.388,0.416,0.399,0.33,,0.199,0.04,0.367,0.285,0.415,,
7-Dec-16,1,0.467,0.388,0.417,0.399,0.331,,0.199,0.041,0.367,0.286,0.415,,
8-Dec-16,1,0.466,0.388,0.423,0.399,0.325,,0.22,0.019,0.392,0.286,0.398,,
9-Dec-16,1,0.472,0.387,0.412,0.401,0.326,,0.22,0.065,0.427,0.286,0.399,,
10-Dec-16,1,0.456,0.378,0.395,0.4,0.326,,0.242,0.072,0.416,0.165,0.365,,
11-Dec-16,1,0.456,0.379,0.394,0.407,0.331,,0.25,0.139,0.418,0.176,0.352,,
12-Dec-16,1,0.456,0.376,0.372,0.407,0.333,,0.254,0.189,0.45,0.163,0.458,,
13-Dec-16,1,0.46,0.377,0.353,0.409,0.332,,0.29,0.125,0.403,0.177,0.482,,
14-Dec-16,1,0.397,0.375,0.363,0.398,0.331,,0.288,0.103,0.429,0.159,0.507,,
15-Dec-16,1,0.446,0.371,0.357,0.393,0.326,,0.282,0.141,0.417,0.117,0.524,,
16-Dec-16,1,0.446,0.371,0.357,0.393,0.326,,0.282,0.141,0.417,0.117,0.524,,
17-Dec-16,1,0.459,0.375,0.357,0.393,0.327,,0.28,0.136,0.42,0.118,0.525,,
18-Dec-16,1,0.458,0.375,0.358,0.393,0.327,,0.279,0.134,0.42,0.118,0.526,,
19-Dec-16,1,0.456,0.37,0.347,0.393,0.317,,0.281,0.099,0.423,0.131,0.522,,
20-Dec-16,1,0.453,0.366,0.342,0.393,0.316,,0.277,0.102,0.426,0.123,0.516,,
21-Dec-16,1,0.448,0.364,0.357,0.395,0.328,,0.277,0.106,0.425,0.149,0.502,,
22-Dec-16,1,0.445,0.362,0.35,0.391,0.327,,0.279,0.103,0.424,0.143,0.506,,
23-Dec-16,1,0.441,0.358,0.35,0.39,0.324,,0.279,0.102,0.413,0.145,0.514,,
24-Dec-16,1,0.441,0.357,0.35,0.389,0.323,,0.28,0.102,0.412,0.146,0.514,,
25-Dec-16,1,0.438,0.357,0.349,0.387,0.33,,0.28,0.098,0.404,0.148,0.513,,
26-Dec-16,1,0.438,0.354,0.349,0.382,0.319,,0.273,0.088,0.405,0.159,0.521,,
27-Dec-16,1,0.438,0.354,0.35,0.382,0.32,,0.273,0.092,0.404,0.166,0.51,,
28-Dec-16,1,0.435,0.35,0.356,0.382,0.321,,0.279,0.057,0.395,0.166,0.51,,
29-Dec-16,1,0.425,0.343,0.353,0.385,0.337,,0.279,0.065,0.399,0.137,0.523,,
30-Dec-16,1,0.418,0.337,0.353,0.373,0.347,,0.285,0.075,0.389,0.182,0.518,,
31-Dec-16,1,0.422,0.334,0.356,0.386,0.35,,0.298,0.06,0.403,0.159,0.499,,
1-Jan-17,1,0.422,0.334,0.357,0.387,0.35,,0.298,0.06,0.403,0.159,0.5,,
2-Jan-17,1,0.406,0.329,0.357,0.387,0.349,,0.296,0.057,0.406,0.171,0.541,,
3-Jan-17,1,0.407,0.332,0.357,0.388,0.35,,0.296,0.051,0.406,0.17,0.542,,
4-Jan-17,1,0.401,0.337,0.418,0.388,0.334,,0.279,0.101,0.41,0.278,0.522,,
5-Jan-17,1,0.385,0.344,0.415,0.389,0.334,,0.283,0.085,0.407,0.228,0.564,,
6-Jan-17,1,0.401,0.341,0.419,0.393,0.34,,0.286,0.13,0.39,0.207,0.525,,
7-Jan-17,1,0.394,0.35,0.461,0.366,0.359,,0.298,0.143,0.38,0.281,0.501,,
8-Jan-17,1,0.401,0.337,0.46,0.391,0.353,,0.299,0.144,0.387,0.239,0.51,,
9-Jan-17,1,0.428,0.333,0.44,0.388,0.328,,0.309,0.145,0.371,0.244,0.523,,
10-Jan-17,1,0.428,0.332,0.44,0.387,0.328,,0.309,0.146,0.37,0.242,0.522,,
11-Jan-17,1,0.428,0.331,0.44,0.387,0.328,,0.309,0.146,0.37,0.24,0.521,,
12-Jan-17,1,0.429,0.344,0.44,0.386,0.327,,0.31,0.147,0.369,0.239,0.52,,
13-Jan-17,1,0.428,0.344,0.44,0.385,0.327,,0.31,0.147,0.368,0.237,0.519,,
