system:time_start,COD Var.,NDVI,NDVI,NDVI,NDVI,NDVI,,NDVI,NDVI,NDVI,NDVI,NDVI,,
14-Jun-15,0,,,,,,,,,0.299,0.274,0.274,,Start Date: 2015-06-14
15-Jun-15,0,,,,,,,,0.181,0.288,0.279,0.279,,First 5: North
16-Jun-15,0,,,,,,,,0.181,0.309,0.295,0.295,,Last 5: South
17-Jun-15,0,,,,,,,,0.181,0.304,0.302,0.302,,SE to NW
18-Jun-15,0,,,,,,,,0.196,0.304,0.302,0.302,,
19-Jun-15,0,,,,,,,,0.196,0.304,0.302,0.302,,
20-Jun-15,0,,,,,,,,0.195,0.304,0.302,0.302,,
21-Jun-15,0,,,,,,,,0.196,0.304,0.302,0.302,,
22-Jun-15,0,,,,,,,,0.197,0.304,0.302,0.302,,
23-Jun-15,0,,,,,,,,0.197,0.305,0.302,0.302,,
24-Jun-15,0,,,,,,,,0.198,0.304,0.302,0.302,,
25-Jun-15,0,,,,,,,,0.199,0.304,0.302,0.302,,
26-Jun-15,0,,,,,,,,0.181,0.304,0.302,0.302,,
27-Jun-15,0,,,,,,,,0.18,0.304,0.302,0.302,,
28-Jun-15,0,,,,,,,,0.18,0.302,0.302,0.302,,
29-Jun-15,0,,,,,,,,0.185,0.308,0.304,0.304,,
30-Jun-15,0,,,,,,,,0.184,0.312,0.301,0.301,,
1-Jul-15,0,,,,,,,,0.174,0.325,0.302,0.302,,
2-Jul-15,0,,,,,,,,0.173,0.303,0.281,0.281,,
3-Jul-15,0,,,,,,,,0.172,,,,,
4-Jul-15,0,,,,,,,,0.177,0.303,0.329,0.329,,
5-Jul-15,0,,,,,,,,0.179,0.303,0.319,0.319,,
6-Jul-15,0,,,,,,,,0.18,0.303,0.319,0.319,,
7-Jul-15,0,,,,,,,,0.173,0.297,0.305,0.305,,
8-Jul-15,0,0.137,,,,,,0.191,0.171,0.296,0.308,0.308,,
9-Jul-15,0,0.137,,,,,,0.191,0.172,0.295,0.308,0.308,,
10-Jul-15,0,0.137,,,,,,0.192,0.173,0.295,0.308,0.308,,
11-Jul-15,0,0.137,,,,,,0.192,0.173,0.294,0.309,0.309,,
12-Jul-15,0,0.137,,,,,,,0.19,0.294,0.308,0.308,,
13-Jul-15,0,0.137,,,,,,,0.189,0.294,0.308,0.308,,
14-Jul-15,0,0.137,,,,,,,0.188,0.293,0.307,0.307,,
15-Jul-15,0,0.138,,,,,,,0.187,0.293,0.307,0.307,,
16-Jul-15,0,0.137,,,,,,,0.188,0.278,0.312,0.312,,
17-Jul-15,0,0.137,,,,,,,0.188,0.278,0.312,0.312,,
18-Jul-15,0,0.138,,,,,,,0.188,0.278,0.312,0.312,,
19-Jul-15,0,0.137,,,,,,,0.188,0.278,0.312,0.312,,
20-Jul-15,0,0.138,,,,,,,0.146,,0.274,0.274,,
21-Jul-15,0,0.137,,,,,,,0.146,,0.275,0.275,,
22-Jul-15,0,0.138,,,,,,,0.147,,0.275,0.275,,
23-Jul-15,0,,,,,,,,,,,,,
24-Jul-15,0,,,,,,,,,,,,,
25-Jul-15,0,,,,,,,,,,,,,
26-Jul-15,0,,,,,,,,,,,,,
27-Jul-15,0,,,,,,,,,,,,,
28-Jul-15,0,,,,,,,,,,,,,
29-Jul-15,0,,,,,,,,,,,,,
30-Jul-15,0,,,,,,,,,,,,,
31-Jul-15,0,,,,,,,,,,,,,
1-Aug-15,0,,,,,,,,,,,,,
2-Aug-15,0,,,,,,,,,0.259,0.235,0.235,,
3-Aug-15,0,,,,,,,,,0.26,0.235,0.235,,
4-Aug-15,0,,,,,,,,,0.264,0.195,0.195,,
5-Aug-15,0,,,,,,,,,0.264,0.195,0.195,,
6-Aug-15,0,,,,,,,,,0.265,0.195,0.195,,
7-Aug-15,0,,,,,,,,,0.265,0.195,0.195,,
8-Aug-15,0,,,,,,,,,0.265,0.219,0.219,,
9-Aug-15,0,,,,,0.095,,,,0.275,0.232,0.232,,
10-Aug-15,0,,,,,0.095,,,,0.274,0.231,0.231,,
11-Aug-15,0,,,,,0.095,,,,0.274,0.23,0.23,,
12-Aug-15,0,,,,,0.095,,,,0.274,0.232,0.232,,
13-Aug-15,0,,,,,0.095,,,,0.274,0.234,0.234,,
14-Aug-15,0,,,,,0.095,,,,0.274,0.235,0.235,,
15-Aug-15,0,,,,,0.095,,,0.201,0.272,0.239,0.239,,
16-Aug-15,0,,,,,0.095,,,0.201,0.286,0.24,0.24,,
17-Aug-15,0,,,,,0.101,,,0.202,0.286,0.24,0.24,,
18-Aug-15,0,,,,,0.102,,,0.202,0.287,0.235,0.235,,
19-Aug-15,0,,,,,0.103,,,0.202,0.287,0.235,0.235,,
20-Aug-15,0,,,,,0.103,,,0.202,0.293,0.275,0.275,,
21-Aug-15,0,,,,,0.104,,,0.202,0.293,0.275,0.275,,
22-Aug-15,0,,,,,0.105,,,0.202,0.293,0.274,0.274,,
23-Aug-15,0,,,,,0.106,,,0.202,0.293,0.274,0.274,,
24-Aug-15,0,0.112,0.227,0.105,0.216,0.107,,,0.197,0.293,0.26,0.26,,
25-Aug-15,0,,0.227,0.104,0.217,,,,0.197,0.293,,,,
26-Aug-15,0,,0.226,0.105,0.217,,,,0.197,0.293,,,,
27-Aug-15,0,,0.173,0.105,0.207,,,,0.183,0.293,,,,
28-Aug-15,0,,0.173,0.106,0.207,,,,0.183,0.293,,,,
29-Aug-15,0,,0.174,0.106,0.207,,,,0.196,0.299,0.299,0.299,,
30-Aug-15,0,,0.174,0.106,0.208,,,,0.196,0.299,0.299,0.299,,
31-Aug-15,0,0.115,0.184,0.106,0.208,,,,0.2,0.31,0.323,0.323,,
1-Sep-15,0,0.115,0.185,0.107,0.208,,,,0.201,,0.323,0.323,,
2-Sep-15,0,0.115,0.195,,0.208,,,,0.201,,0.323,0.323,,
3-Sep-15,0,0.115,0.196,,0.207,,,,0.202,0.298,0.309,0.309,,
4-Sep-15,0,0.114,0.196,,0.207,,,,0.203,0.298,0.309,0.309,,
5-Sep-15,0,0.114,0.196,,0.207,,,,0.204,0.298,0.309,0.309,,
6-Sep-15,0,0.114,0.197,,0.207,,,,0.204,0.298,0.308,0.308,,
7-Sep-15,0,0.114,0.197,,0.215,,,,0.204,0.297,0.308,0.308,,
8-Sep-15,0,0.114,0.197,,0.215,,,,0.205,0.297,0.307,0.307,,
9-Sep-15,0,,0.217,,0.196,,,,,0.296,0.307,0.307,,
10-Sep-15,0,,0.217,,0.196,,,,,0.296,0.307,0.307,,
11-Sep-15,0,,0.216,,0.195,,,,,0.296,0.307,0.307,,
12-Sep-15,0,,0.187,,0.189,,,,,0.296,0.307,0.307,,
13-Sep-15,0,,0.186,,0.188,,,,0.229,0.323,0.312,0.312,,
14-Sep-15,0,,0.185,,0.188,,,,,0.324,0.306,0.306,,
15-Sep-15,0,,0.184,,0.188,,,,,0.324,0.307,0.307,,
16-Sep-15,0,,,,0.199,,,,0.231,0.31,0.29,0.29,,
17-Sep-15,0,,,,0.199,,,,0.231,0.31,0.29,0.29,,
18-Sep-15,0,0.134,0.16,,0.188,,,,0.232,0.316,0.293,0.293,,
19-Sep-15,0,0.134,0.16,,0.188,,,,0.232,0.323,0.296,0.296,,
20-Sep-15,0,0.135,0.16,,0.188,,,,0.233,0.323,0.296,0.296,,
21-Sep-15,0,0.135,0.195,,0.189,,,,0.233,0.323,0.296,0.296,,
22-Sep-15,0,0.136,0.195,,0.189,,,,0.233,0.322,0.295,0.295,,
23-Sep-15,0,0.136,0.196,,0.187,,,,0.234,0.321,0.294,0.294,,
24-Sep-15,0,0.137,0.196,,0.186,,,,0.234,0.322,0.3,0.3,,
25-Sep-15,0,0.135,0.204,0.095,0.193,0.119,,,0.207,0.326,0.304,0.304,,
26-Sep-15,0,0.136,0.206,0.095,0.193,0.118,,,0.185,0.326,0.304,0.304,,
27-Sep-15,0,0.136,0.207,0.095,0.194,0.118,,,0.184,0.326,0.304,0.304,,
28-Sep-15,0,0.136,0.227,0.094,0.198,0.118,,,0.183,0.326,0.305,0.305,,
29-Sep-15,0,0.137,0.227,0.094,0.198,0.118,,,0.142,0.32,0.299,0.299,,
30-Sep-15,0,0.137,0.227,0.093,0.198,0.117,,,0.141,0.32,0.304,0.304,,
1-Oct-15,0,0.138,0.215,0.093,0.188,0.267,,,0.14,0.321,0.305,0.305,,
2-Oct-15,0,0.142,0.207,0.092,0.288,0.132,,,0.102,0.337,0.32,0.32,,
3-Oct-15,0,0.125,0.206,0.093,0.177,0.133,,0.231,0.123,0.337,0.32,0.32,,
4-Oct-15,0,0.142,0.215,0.094,0.19,0.077,,0.248,0.121,0.324,0.309,0.309,,
5-Oct-15,0,0.142,0.213,0.095,0.189,0.078,,0.248,0.123,0.324,0.303,0.303,,
6-Oct-15,0,0.142,0.213,0.095,0.189,0.078,,0.248,0.124,0.323,0.302,0.302,,
7-Oct-15,0,0.142,0.194,0.096,0.189,0.079,,0.248,0.125,0.322,0.302,0.302,,
8-Oct-15,0,0.143,0.193,0.096,0.189,0.08,,,,,,,,
9-Oct-15,0,0.144,0.193,0.096,0.194,0.081,,0.248,0.127,0.321,0.301,0.301,,
10-Oct-15,0,0.145,0.193,0.097,0.194,0.082,,0.249,0.129,0.321,0.293,0.293,,
11-Oct-15,0,0.145,0.177,,0.332,0.101,,0.248,0.134,,0.284,0.284,,
12-Oct-15,0,0.146,0.177,,0.332,0.102,,0.248,0.153,0.285,0.284,0.284,,
13-Oct-15,0,0.147,0.176,,0.333,0.102,,0.248,0.154,0.285,0.284,0.284,,
14-Oct-15,0,0.147,0.176,,0.333,0.103,,0.248,0.155,0.299,0.287,0.287,,
15-Oct-15,0,0.147,0.177,,0.333,0.104,,0.248,0.155,0.299,0.287,0.287,,
16-Oct-15,0,0.148,0.177,,0.333,0.104,,0.248,0.156,0.299,0.276,0.276,,
17-Oct-15,0,,,,0.201,,,0.248,0.157,0.298,0.276,0.276,,
18-Oct-15,0,,,,0.2,,,0.248,0.157,0.298,0.277,0.277,,
19-Oct-15,0,,,,,,,,,0.286,0.294,0.294,,
20-Oct-15,0,,,,,,,,,0.283,0.305,0.305,,
21-Oct-15,0,,,,,,,,,0.282,0.319,0.319,,
22-Oct-15,0,,,,,,,,,0.282,0.32,0.32,,
23-Oct-15,0,,,,,,,,,0.281,0.32,0.32,,
24-Oct-15,0,,,,,,,,,0.281,0.32,0.32,,
25-Oct-15,0,,,,,,,,,0.28,0.321,0.321,,
26-Oct-15,0,,,,,,,,,0.279,0.321,0.321,,
27-Oct-15,0,,,,,,,,,0.279,0.321,0.321,,
28-Oct-15,0,,,,,,,,,0.279,0.319,0.319,,
29-Oct-15,0,,,,,,,,,0.279,0.319,0.319,,
30-Oct-15,0,,,,,,,,,,0.325,0.325,,
31-Oct-15,0,,,,,,,,,,0.325,0.325,,
1-Nov-15,0,,,,,,,,,,0.321,0.321,,
2-Nov-15,0,,,,,,,,,,0.321,0.321,,
3-Nov-15,0,0.096,0.173,,0.184,,,,,,0.32,0.32,,
4-Nov-15,0,0.113,0.174,,0.183,,,,,,0.319,0.319,,
5-Nov-15,0,0.121,0.146,0.1,0.204,0.12,,0.22,0.192,0.341,0.329,0.329,,
6-Nov-15,0,0.135,0.146,0.1,0.204,0.121,,0.22,0.182,0.341,0.329,0.329,,
7-Nov-15,0,0.136,0.146,0.1,0.204,0.121,,0.22,0.183,0.341,0.329,0.329,,
8-Nov-15,0,0.137,0.146,0.1,0.204,0.122,,0.22,0.184,0.34,0.329,0.329,,
9-Nov-15,0,0.138,0.146,0.1,0.203,0.122,,0.22,0.182,0.34,0.331,0.331,,
10-Nov-15,0,0.142,0.148,0.094,0.177,0.123,,0.207,0.181,0.36,0.331,0.331,,
11-Nov-15,0,0.143,0.147,0.094,0.178,0.124,,0.207,0.181,0.36,0.332,0.332,,
12-Nov-15,0,0.14,0.149,0.104,0.2,0.124,,0.207,0.171,0.352,0.379,0.379,,
13-Nov-15,0,0.141,0.152,0.106,0.2,0.125,,0.199,0.262,0.351,0.41,0.41,,
14-Nov-15,0,0.141,0.152,0.107,0.199,0.125,,0.199,0.261,0.35,0.318,0.318,,
15-Nov-15,0,0.14,0.152,0.108,0.199,0.125,,0.198,0.26,0.349,0.319,0.319,,
16-Nov-15,0,0.14,0.153,0.11,0.199,0.126,,0.198,0.252,0.348,0.319,0.319,,
17-Nov-15,0,0.14,0.153,0.111,0.2,0.126,,0.197,0.25,0.347,0.322,0.322,,
18-Nov-15,0,0.14,0.154,0.112,0.201,0.126,,0.198,0.25,0.346,0.323,0.323,,
19-Nov-15,0,0.143,0.141,0.114,0.218,0.135,,0.198,0.249,0.346,0.324,0.324,,
20-Nov-15,0,0.13,0.142,0.113,0.218,0.136,,0.198,0.249,0.346,0.319,0.319,,
21-Nov-15,0,0.112,0.161,0.131,0.193,0.15,,0.194,0.266,0.349,0.32,0.32,,
22-Nov-15,0,0.092,0.161,0.132,0.193,0.151,,0.195,0.265,0.349,0.319,0.319,,
23-Nov-15,0,0.091,0.16,0.131,0.192,0.152,,0.195,0.265,0.349,0.318,0.318,,
24-Nov-15,0,0.09,0.16,0.131,0.192,0.152,,0.195,0.209,0.335,0.306,0.306,,
25-Nov-15,0,0.09,0.16,0.131,0.191,0.153,,0.194,0.209,0.336,0.305,0.305,,
26-Nov-15,0,0.074,0.166,0.131,0.204,0.154,,0.196,0.215,0.337,0.304,0.304,,
27-Nov-15,0,0.073,0.166,0.131,0.203,0.155,,0.197,0.216,0.337,0.303,0.303,,
28-Nov-15,0,,0.164,,0.172,,,0.197,0.224,0.339,0.289,0.289,,
29-Nov-15,0,,,,,,,0.198,0.23,0.338,0.283,0.283,,
30-Nov-15,0,,,,,,,0.198,0.23,0.336,0.261,0.261,,
1-Dec-15,0,,0.173,,,,,0.198,0.231,0.321,0.256,0.256,,
2-Dec-15,0,,0.174,,,,,0.197,0.236,0.321,0.255,0.255,,
3-Dec-15,0,,0.174,,,,,0.197,0.236,0.32,0.255,0.255,,
4-Dec-15,0,,0.174,,,,,0.197,0.236,0.319,0.255,0.255,,
5-Dec-15,0,0.062,0.156,,,,,0.183,0.237,0.338,0.265,0.265,,
6-Dec-15,0,0.062,0.156,,,,,0.183,0.237,0.33,0.262,0.262,,
7-Dec-15,0,,0.155,,,,,0.174,0.233,0.318,0.262,0.262,,
8-Dec-15,0,,0.155,,,,,0.174,0.228,0.318,0.263,0.263,,
9-Dec-15,0,,0.154,,,,,0.173,0.229,0.319,0.264,0.264,,
10-Dec-15,0,,0.153,,0.157,,,0.172,0.238,0.329,0.271,0.271,,
11-Dec-15,0,,0.152,,0.157,,,,0.238,0.33,0.272,0.272,,
12-Dec-15,0,,0.151,,0.157,,,,0.238,0.33,0.273,0.273,,
13-Dec-15,0,,0.151,,0.157,,,,0.239,0.33,0.273,0.273,,
14-Dec-15,0,,0.151,,0.157,,,,0.239,0.329,0.273,0.273,,
15-Dec-15,0,,0.151,,0.157,,,,0.238,0.329,0.272,0.272,,
16-Dec-15,0,,0.152,,0.155,,,,0.238,0.329,0.272,0.272,,
17-Dec-15,0,,,,0.154,,,,,0.349,,,,
18-Dec-15,0,,,,0.154,,,,,0.349,,,,
19-Dec-15,0,,,,0.154,,,,,0.349,,,,
20-Dec-15,0,,,,0.154,,,,,0.349,,,,
21-Dec-15,0,,,,0.154,,,,,0.288,,,,
22-Dec-15,0,,,,0.154,,,,,,0.199,0.199,,
23-Dec-15,0,,,,0.158,,,0.154,,0.305,0.198,0.198,,
24-Dec-15,0,,,,0.158,,,0.154,,0.305,0.198,0.198,,
25-Dec-15,0,,,,0.159,,,0.154,,0.305,0.197,0.197,,
26-Dec-15,0,,,,,,,0.154,,0.305,0.196,0.196,,
27-Dec-15,0,,,,,,,0.154,,0.305,0.196,0.196,,
28-Dec-15,0,,,,,,,0.154,,0.304,0.195,0.195,,
29-Dec-15,0,,,,,,,0.154,,0.306,0.198,0.198,,
30-Dec-15,0,,,,,,,0.155,,0.307,0.198,0.198,,
31-Dec-15,0,,,,,,,0.154,,0.307,0.199,0.199,,
1-Jan-16,0,,,,,,,0.154,,0.308,0.199,0.199,,
2-Jan-16,0,,,,,,,0.154,,0.308,0.199,0.199,,
3-Jan-16,0,,,,,,,0.154,,0.308,0.2,0.2,,
4-Jan-16,0,,,,,,,0.155,,0.309,0.2,0.2,,
5-Jan-16,0,,,,,,,0.154,,0.309,0.201,0.201,,
6-Jan-16,0,,,,,,,0.155,,,0.283,0.283,,
7-Jan-16,0,,,,,,,,,,,,,
8-Jan-16,0,,,,,,,,,,,,,
9-Jan-16,0,,,,,,,,,,,,,
10-Jan-16,0,,,,,,,,,,,,,
11-Jan-16,0,,,,,,,,,,,,,
12-Jan-16,0,,,,,,,,,,,,,
13-Jan-16,0,,,,,,,,,,,,,
14-Jan-16,0,,,,,,,,,,,,,
15-Jan-16,0,,,,,,,,,,,,,
16-Jan-16,0,,,,,,,,,,,,,
17-Jan-16,0,,,,,,,,,,,,,
18-Jan-16,0,,,,,,,,0.167,,,,,
19-Jan-16,0,,,,,,,,0.172,,,,,
20-Jan-16,0,,,,,,,,0.172,,,,,
21-Jan-16,0,,,,,,,,0.172,,,,,
22-Jan-16,0,,,,,,,,0.172,,,,,
23-Jan-16,0,,,,,,,,0.173,,,,,
24-Jan-16,0,,,,,,,,0.173,,,,,
25-Jan-16,0,,,,,,,,0.184,,,,,
26-Jan-16,0,,,,,,,,0.185,,,,,
27-Jan-16,0,0.136,,,,,,,0.185,,,,,
28-Jan-16,0,0.136,,,,,,,0.185,,,,,
29-Jan-16,0,0.136,,,,,,,0.19,,,,,
30-Jan-16,0,0.135,,,,,,,0.199,,,,,
31-Jan-16,0,0.135,,,,,,,0.2,,,,,
1-Feb-16,0,0.108,,,,,,0.161,0.2,0.279,0.241,0.241,,
2-Feb-16,0,0.107,,,,,,0.16,0.2,0.278,0.249,0.249,,
3-Feb-16,0,0.11,,,,0.079,,0.167,0.199,0.272,0.245,0.245,,
4-Feb-16,0,0.109,,,,0.078,,0.166,0.207,0.264,0.257,0.257,,
5-Feb-16,0,0.107,,,,0.078,,0.166,0.205,0.257,0.265,0.265,,
6-Feb-16,0,0.106,,,,0.077,,0.165,0.205,0.258,0.265,0.265,,
7-Feb-16,0,0.104,,,,0.076,,0.158,0.204,0.273,0.27,0.27,,
8-Feb-16,0,0.103,0.141,0.085,0.264,0.165,,0.159,0.199,0.273,0.27,0.27,,
9-Feb-16,0,0.1,0.16,0.093,0.238,0.165,,0.159,0.199,0.252,0.265,0.265,,
10-Feb-16,0,0.092,0.161,0.093,,,,0.155,0.193,0.252,0.265,0.265,,
11-Feb-16,0,0.091,0.161,0.093,0.238,0.166,,0.155,0.193,0.252,0.266,0.266,,
12-Feb-16,0,0.106,0.162,0.092,0.238,0.167,,0.155,0.193,0.251,0.266,0.266,,
13-Feb-16,0,0.106,0.162,0.092,0.237,0.167,,0.154,0.193,0.252,0.266,0.266,,
14-Feb-16,0,0.106,0.163,0.091,0.237,0.168,,0.154,0.188,0.252,0.266,0.266,,
15-Feb-16,0,0.106,0.164,0.091,0.237,0.168,,0.154,0.188,0.252,0.266,0.266,,
16-Feb-16,0,0.106,0.164,0.091,0.237,0.167,,0.154,0.188,0.251,0.266,0.266,,
17-Feb-16,0,0.098,0.165,0.091,0.236,0.183,,0.159,0.188,0.259,0.263,0.263,,
18-Feb-16,0,0.098,0.165,0.091,0.236,0.183,,0.159,0.182,0.263,0.263,0.263,,
19-Feb-16,0,,0.117,0.078,0.236,0.182,,0.151,0.181,0.271,0.279,0.279,,
20-Feb-16,0,,0.117,0.077,0.236,0.182,,0.15,0.181,0.272,0.279,0.279,,
21-Feb-16,0,,0.118,0.077,0.236,0.181,,0.15,0.182,0.3,0.278,0.278,,
22-Feb-16,0,,0.118,0.077,0.236,0.18,,0.15,0.182,0.3,0.278,0.278,,
23-Feb-16,0,,0.118,0.076,0.235,0.18,,,0.183,0.292,0.27,0.27,,
24-Feb-16,0,,,,,,,,,0.292,0.27,0.27,,
25-Feb-16,0,,,,,,,,,,,,,
26-Feb-16,0,,,,,,,,,,,,,
27-Feb-16,0,,,,,,,,,,,,,
28-Feb-16,0,,,,,,,,,,,,,
29-Feb-16,0,,,,,,,,,,,,,
1-Mar-16,0,,,,,,,,,,,,,
2-Mar-16,0,,,,,,,,,,,,,
3-Mar-16,0,0.141,,,,,,,0.23,,,,,
4-Mar-16,0,0.141,,,,,,,0.231,,,,,
5-Mar-16,0,0.14,0.156,,,,,,0.232,,,,,
6-Mar-16,0,0.14,0.156,,,,,,0.233,,,,,
7-Mar-16,0,0.139,0.156,,,,,,0.234,,,,,
8-Mar-16,0,0.139,0.156,,,,,,,,,,,
9-Mar-16,0,0.137,0.156,,,,,,,,,,,
10-Mar-16,0,0.135,0.156,,,,,,,,0.315,0.315,,
11-Mar-16,0,0.135,0.157,,,,,,,,0.315,0.315,,
12-Mar-16,0,0.134,0.158,,,,,,,,0.315,0.315,,
13-Mar-16,0,0.134,0.158,,,,,,,,0.315,0.315,,
14-Mar-16,0,0.134,0.159,,,,,,,,0.315,0.315,,
15-Mar-16,0,0.134,0.159,,,,,,,,0.314,0.314,,
16-Mar-16,0,0.133,0.159,,,,,,,,0.313,0.313,,
17-Mar-16,0,,0.174,,,,,,0.224,,0.296,0.296,,
18-Mar-16,0,,0.174,,,,,,0.224,,0.312,0.312,,
19-Mar-16,0,,0.187,,,,,,,0.294,0.312,0.312,,
20-Mar-16,0,,0.187,,,,,,,0.294,0.312,0.312,,
21-Mar-16,0,,0.188,,,,,,,0.294,0.312,0.312,,
22-Mar-16,0,,0.188,,,,,,0.218,0.293,0.312,0.312,,
23-Mar-16,0,,0.189,,,,,,0.218,0.293,0.311,0.311,,
24-Mar-16,0,,0.189,,,,,,0.218,0.293,0.303,0.303,,
25-Mar-16,0,,0.189,,,,,,0.219,0.293,0.304,0.304,,
26-Mar-16,0,,0.188,,,,,,0.213,0.283,0.299,0.299,,
27-Mar-16,0,,0.188,,,,,,0.214,0.283,0.298,0.298,,
28-Mar-16,0,,0.188,,,,,,0.214,0.283,0.289,0.289,,
29-Mar-16,0,,0.188,,0.174,,,,0.215,0.283,0.288,0.288,,
30-Mar-16,0,,0.189,,0.174,,,,0.214,0.283,0.287,0.287,,
31-Mar-16,0,,0.189,,0.173,,,,0.214,0.283,0.286,0.286,,
1-Apr-16,0,,0.189,,0.174,,,,0.214,0.283,0.285,0.285,,
2-Apr-16,0,,,,0.173,,,,0.224,0.283,0.289,0.289,,
3-Apr-16,0,,,,0.173,,,,0.224,0.283,0.262,0.262,,
4-Apr-16,0,,,,0.173,,,,0.224,,0.262,0.262,,
5-Apr-16,0,,,,0.174,,,0.181,0.218,,0.266,0.266,,
6-Apr-16,0,,,,0.174,,,0.181,0.218,,0.266,0.266,,
7-Apr-16,0,,,,0.174,,,0.181,0.199,,0.269,0.269,,
8-Apr-16,0,,,,0.174,,,0.181,0.199,,0.269,0.269,,
9-Apr-16,0,,,,0.174,,,0.182,0.211,0.285,0.264,0.264,,
10-Apr-16,0,,,,0.174,,,0.182,0.211,0.286,0.276,0.276,,
11-Apr-16,0,,,,0.174,,,,0.218,,0.279,0.279,,
12-Apr-16,0,,,,0.162,0.104,,,0.218,0.268,0.272,0.272,,
13-Apr-16,0,0.135,0.201,0.14,0.188,0.078,,,0.217,0.272,0.263,0.263,,
14-Apr-16,0,0.135,0.202,0.139,0.179,0.078,,,0.217,0.277,0.305,0.305,,
15-Apr-16,0,0.135,0.202,0.139,0.179,0.077,,,0.217,0.277,0.306,0.306,,
16-Apr-16,0,0.134,0.202,0.139,0.179,0.077,,,0.218,0.277,0.306,0.306,,
17-Apr-16,0,0.134,0.202,0.139,0.179,0.076,,,0.217,0.277,0.307,0.307,,
18-Apr-16,0,0.134,0.202,0.138,0.179,0.076,,,0.217,0.277,0.307,0.307,,
19-Apr-16,0,0.134,0.202,0.138,0.179,0.076,,,0.217,0.276,0.308,0.308,,
20-Apr-16,0,0.133,0.202,0.137,0.18,0.075,,,0.217,0.277,0.309,0.309,,
21-Apr-16,0,0.133,0.202,0.137,0.18,0.075,,,0.223,0.287,0.316,0.316,,
22-Apr-16,0,0.133,0.202,0.137,0.18,0.075,,,0.223,0.287,0.316,0.316,,
23-Apr-16,0,0.132,0.202,0.137,0.18,0.074,,,0.223,0.287,0.318,0.318,,
24-Apr-16,0,0.132,0.202,0.136,0.18,0.074,,,0.224,0.288,0.318,0.318,,
25-Apr-16,0,0.132,0.202,0.136,0.18,0.074,,,0.218,0.299,0.322,0.322,,
26-Apr-16,0,0.132,0.202,0.136,0.18,0.073,,,0.218,0.3,0.324,0.324,,
27-Apr-16,0,0.132,0.202,0.136,0.18,0.073,,,0.218,0.3,0.325,0.325,,
28-Apr-16,0,,,,,,,,0.218,0.311,0.325,0.325,,
29-Apr-16,0,,,,,,,,0.22,0.318,0.332,0.332,,
30-Apr-16,0,,,,,,,,0.22,0.325,,,,
1-May-16,0,,,,,,,,0.221,0.325,,,,
2-May-16,0,,,,,,,,0.221,0.326,,,,
3-May-16,0,,,,,,,,0.221,0.326,,,,
4-May-16,0,,,,,,,,0.22,0.326,,,,
5-May-16,0,,,,,,,,0.221,0.326,0.306,0.306,,
6-May-16,0,,,,,,,,0.242,0.326,0.306,0.306,,
7-May-16,0,,,,,,,,0.242,,,,,
8-May-16,0,,,,,,,,0.243,,,,,
9-May-16,0,,,,,,,,0.244,,,,,
10-May-16,0,,,,,,,,0.245,,,,,
11-May-16,0,,,,,,,,,,,,,
12-May-16,0,,,,,,,,,,,,,
13-May-16,0,,,,,,,,,,,,,
14-May-16,0,,,,,,,,,,,,,
15-May-16,0,,,,,,,,,,,,,
16-May-16,0,,,,,,,,,,,,,
17-May-16,0,,,,,,,,,,,,,
18-May-16,0,,,,,,,,,,,,,
19-May-16,0,,,,,,,,,,,,,
20-May-16,0,,,,,,,,,,,,,
21-May-16,0,,,,,,,,,,,,,
22-May-16,0,,,,,,,,,,,,,
23-May-16,0,,,,,,,,,,,,,
24-May-16,0,,,,,,,,,,,,,
25-May-16,0,,,,,,,,,,,,,
26-May-16,0,,,,,,,,,,,,,
27-May-16,0,,,,,,,,,,,,,
28-May-16,0,,,,,,,,,,,,,
29-May-16,0,,,,,,,,,,,,,
30-May-16,0,,,,,,,,,,,,,
31-May-16,0,,,,,,,,,,,,,
1-Jun-16,0,,,,,,,,,,,,,
2-Jun-16,0,,,,,,,,,,,,,
3-Jun-16,0,,,,,,,,,,,,,
4-Jun-16,0,,,,,,,,,,,,,
5-Jun-16,0,,,,,,,,,,,,,
6-Jun-16,0,,,,,,,,,,,,,
7-Jun-16,0,,,,,,,,,,,,,
8-Jun-16,0,,,,,,,,,,,,,
9-Jun-16,0,,,,,,,,,,,,,
10-Jun-16,0,,,,,,,,,,,,,
11-Jun-16,0,,,,,,,,,,,,,
12-Jun-16,0,,,,,,,,,,,,,
13-Jun-16,0,,,,,,,,,,,,,
14-Jun-16,Day of,,,,,,,,,,,,,
15-Jun-16,1,,,,,,,,,,,,,
16-Jun-16,1,,,,,,,,,,,,,
17-Jun-16,1,,,,,,,,,,,,,
18-Jun-16,1,,,,,,,,,,,,,
19-Jun-16,1,,,,,,,,,,0.338,0.338,,
20-Jun-16,1,,,,,,,,,,0.338,0.338,,
21-Jun-16,1,,,,,,,,,,0.337,0.337,,
22-Jun-16,1,,,,,,,,,,0.339,0.339,,
23-Jun-16,1,,,,,,,,,,0.339,0.339,,
24-Jun-16,1,,,,,,,,,,0.34,0.34,,
25-Jun-16,1,,,,,,,,,,0.341,0.341,,
26-Jun-16,1,,,,,,,,,,0.342,0.342,,
27-Jun-16,1,,,,,,,,,,0.342,0.342,,
28-Jun-16,1,,,,,,,,,,0.342,0.342,,
29-Jun-16,1,,,,,,,,,,0.341,0.341,,
30-Jun-16,1,,,,,,,,,,,,,
1-Jul-16,1,,,,,,,,,,,,,
2-Jul-16,1,,,,,,,,,,,,,
3-Jul-16,1,,,,,,,,,,0.364,0.364,,
4-Jul-16,1,,,,,,,,,,0.364,0.364,,
5-Jul-16,1,,,,,,,,,,,,,
6-Jul-16,1,,,,,,,,,,,,,
7-Jul-16,1,,,,,,,,,,,,,
8-Jul-16,1,,,,,,,,,,,,,
9-Jul-16,1,,,,,,,,,,,,,
10-Jul-16,1,,,,,,,,,0.287,0.309,0.309,,
11-Jul-16,1,,,,,,,,,0.287,0.309,0.309,,
12-Jul-16,1,,,,,,,,,0.287,0.307,0.307,,
13-Jul-16,1,,,,,,,,,0.287,0.306,0.306,,
14-Jul-16,1,,,,,,,,,0.287,0.305,0.305,,
15-Jul-16,1,,,,,,,,,0.288,0.304,0.304,,
16-Jul-16,1,,,,,,,,,0.287,0.303,0.303,,
17-Jul-16,1,,,,,,,,,0.287,0.302,0.302,,
18-Jul-16,1,,,,,,,,0.222,0.287,0.302,0.302,,
19-Jul-16,1,,,,,,,,0.222,0.28,0.287,0.287,,
20-Jul-16,1,,,,,,,,0.222,0.28,0.287,0.287,,
21-Jul-16,1,,,,,,,,0.217,0.278,0.295,0.295,,
22-Jul-16,1,,,,,,,,0.217,0.278,0.295,0.295,,
23-Jul-16,1,,,,,,,,0.217,0.278,0.296,0.296,,
24-Jul-16,1,,,,,,,,0.217,0.277,0.295,0.295,,
25-Jul-16,1,,,,,,,,0.217,0.277,0.296,0.296,,
26-Jul-16,1,,,,,,,0.157,0.206,0.267,0.26,0.26,,
27-Jul-16,1,,,,,,,0.157,0.206,0.267,0.259,0.259,,
28-Jul-16,1,,,,,0.089,,0.156,0.206,0.267,0.259,0.259,,
29-Jul-16,1,,,,,0.089,,0.156,0.205,0.267,0.257,0.257,,
30-Jul-16,1,,,,,0.09,,0.156,0.204,0.266,0.276,0.276,,
31-Jul-16,1,,,,,0.09,,0.156,0.204,0.266,0.275,0.275,,
1-Aug-16,1,,,,,0.091,,0.156,0.203,0.266,0.269,0.269,,
2-Aug-16,1,0.133,,,,0.085,,0.161,0.206,0.253,0.291,0.291,,
3-Aug-16,1,0.133,,,,0.085,,0.162,0.195,0.253,0.293,0.293,,
4-Aug-16,1,0.133,,,,0.085,,0.162,0.195,0.246,0.292,0.292,,
5-Aug-16,1,0.133,,,,0.085,,0.162,0.195,0.245,0.294,0.294,,
6-Aug-16,1,0.133,0.225,,,0.087,,0.163,0.178,0.234,0.292,0.292,,
7-Aug-16,1,0.133,0.225,,,0.087,,0.163,0.178,0.233,0.293,0.293,,
8-Aug-16,1,0.133,0.225,,,0.087,,0.164,0.209,0.236,0.292,0.292,,
9-Aug-16,1,0.133,0.225,,,0.087,,0.164,0.21,0.235,0.292,0.292,,
10-Aug-16,1,0.131,0.225,0.097,,0.091,,0.164,0.218,0.24,0.298,0.298,,
11-Aug-16,1,0.131,0.225,0.097,,0.082,,0.173,0.211,0.25,0.327,0.327,,
12-Aug-16,1,0.131,0.225,0.097,,0.082,,0.173,0.211,0.252,0.314,0.314,,
13-Aug-16,1,0.131,0.176,0.097,,0.079,,0.173,0.211,0.252,0.313,0.313,,
14-Aug-16,1,0.131,0.165,0.097,,0.079,,0.173,0.199,0.272,0.26,0.26,,
15-Aug-16,1,0.131,0.165,0.097,,0.08,,,0.195,0.272,0.26,0.26,,
16-Aug-16,1,0.131,0.164,0.097,,0.08,,,0.195,0.272,0.26,0.26,,
17-Aug-16,1,0.124,0.164,0.097,,0.08,,,0.194,0.272,0.261,0.261,,
18-Aug-16,1,,0.163,0.097,,0.073,,,0.188,0.275,0.271,0.271,,
19-Aug-16,1,0.108,0.169,,,0.073,,,0.196,0.266,0.265,0.265,,
20-Aug-16,1,0.109,0.168,,,0.074,,,0.196,0.266,0.267,0.267,,
21-Aug-16,1,0.11,0.168,,,0.074,,,0.197,0.266,0.267,0.267,,
22-Aug-16,1,0.13,0.163,,,0.074,,0.156,0.188,0.266,0.268,0.268,,
23-Aug-16,1,0.13,0.163,,,0.075,,0.156,0.188,0.265,0.267,0.267,,
24-Aug-16,1,0.13,0.164,,,0.075,,0.156,0.17,0.29,0.283,0.283,,
25-Aug-16,1,0.131,0.164,,,0.075,,0.156,0.17,0.291,0.284,0.284,,
26-Aug-16,1,0.132,0.169,,,,,0.156,0.164,0.29,0.283,0.283,,
27-Aug-16,1,0.131,0.168,,,,,0.156,0.165,0.289,0.281,0.281,,
28-Aug-16,1,0.129,0.168,,,,,0.155,0.165,0.292,0.284,0.284,,
29-Aug-16,1,0.128,0.168,,,,,0.154,0.164,0.293,0.279,0.279,,
30-Aug-16,1,0.129,,,,,,0.154,0.16,0.299,0.279,0.279,,
31-Aug-16,1,0.128,,,,,,0.155,0.153,0.304,0.278,0.278,,
1-Sep-16,1,0.129,,,,,,0.155,0.154,0.303,0.278,0.278,,
2-Sep-16,1,0.129,,,,,,0.155,0.154,0.304,0.275,0.275,,
3-Sep-16,1,0.108,,,,,,0.155,0.153,0.295,0.28,0.28,,
4-Sep-16,1,0.101,,,,0.107,,,0.167,0.286,0.28,0.28,,
5-Sep-16,1,0.101,,,,0.108,,,0.167,0.286,0.28,0.28,,
6-Sep-16,1,0.102,,,,0.108,,,0.168,0.286,0.28,0.28,,
7-Sep-16,1,0.117,,,,0.109,,,0.167,0.285,0.283,0.283,,
8-Sep-16,1,0.118,,,,0.109,,,0.168,0.286,0.284,0.284,,
9-Sep-16,1,0.118,,,,0.115,,,0.169,0.288,0.277,0.277,,
10-Sep-16,1,0.118,,,,0.116,,,0.17,0.288,0.277,0.277,,
11-Sep-16,1,0.118,,,,0.116,,,0.17,0.288,0.275,0.275,,
12-Sep-16,1,0.118,,,,0.117,,,0.17,0.29,0.273,0.273,,
13-Sep-16,1,0.119,,,,0.118,,,0.17,0.29,0.273,0.273,,
14-Sep-16,1,0.119,,,,0.119,,,0.17,0.29,0.273,0.273,,
15-Sep-16,1,0.12,,,,0.12,,,0.17,0.291,0.273,0.273,,
16-Sep-16,1,0.116,0.207,,,0.103,,,0.174,0.289,0.27,0.27,,
17-Sep-16,1,0.116,0.206,,,0.102,,,0.176,0.274,0.27,0.27,,
18-Sep-16,1,0.112,0.204,,,0.1,,0.164,0.192,0.272,0.269,0.269,,
19-Sep-16,1,0.107,0.158,0.093,0.099,0.097,,0.178,0.185,0.271,0.27,0.27,,
20-Sep-16,1,0.113,0.165,0.102,,0.091,,0.177,0.179,0.276,0.27,0.27,,
21-Sep-16,1,0.113,0.165,0.103,,0.088,,0.178,0.177,0.276,0.26,0.26,,
22-Sep-16,1,0.114,0.165,0.103,,0.088,,0.178,0.177,0.276,0.261,0.261,,
23-Sep-16,1,0.114,0.164,0.103,,0.088,,0.178,0.177,0.278,0.254,0.254,,
24-Sep-16,1,0.114,0.165,0.104,,0.088,,0.177,0.178,0.278,0.255,0.255,,
25-Sep-16,1,0.115,0.165,0.104,,0.079,,0.171,0.176,0.284,0.262,0.262,,
26-Sep-16,1,0.115,0.165,0.104,,0.08,,0.171,0.177,0.285,0.276,0.276,,
27-Sep-16,1,0.116,0.166,0.106,,0.076,,0.171,0.191,0.286,0.275,0.275,,
28-Sep-16,1,0.116,0.166,0.106,,0.073,,0.171,0.19,0.286,0.275,0.275,,
29-Sep-16,1,0.117,0.166,0.106,,0.073,,0.17,0.19,0.287,0.275,0.275,,
30-Sep-16,1,0.117,0.165,0.106,,0.074,,0.17,0.19,0.287,0.275,0.275,,
1-Oct-16,1,0.118,0.165,0.107,,0.074,,0.17,0.19,0.287,0.275,0.275,,
2-Oct-16,1,0.118,0.176,0.107,,0.073,,0.164,0.19,0.286,0.25,0.25,,
3-Oct-16,1,0.119,0.176,0.108,,0.074,,0.164,0.191,0.286,0.249,0.249,,
4-Oct-16,1,,0.176,0.108,,0.07,,0.175,0.187,0.283,0.249,0.249,,
5-Oct-16,1,,,,,0.069,,,0.187,0.283,0.248,0.248,,
6-Oct-16,1,,,,,0.069,,,0.187,0.279,0.247,0.247,,
7-Oct-16,1,,,,,0.069,,,0.188,0.279,0.255,0.255,,
8-Oct-16,1,,,,,0.069,,,0.188,0.279,0.254,0.254,,
9-Oct-16,1,,,,,0.056,,,0.192,0.28,0.238,0.238,,
10-Oct-16,1,,,,,0.057,,,0.192,0.28,0.238,0.238,,
11-Oct-16,1,,,,,0.058,,,0.186,0.286,0.23,0.23,,
12-Oct-16,1,,,,,0.059,,,0.186,0.287,0.208,0.208,,
13-Oct-16,1,,,,,0.05,,,0.171,0.309,0.208,0.208,,
14-Oct-16,1,,,0.093,,,,,0.163,0.305,0.25,0.25,,
15-Oct-16,1,,,0.093,,,,,0.162,0.306,0.252,0.252,,
16-Oct-16,1,,,0.094,,,,,0.162,0.306,0.253,0.253,,
17-Oct-16,1,,,0.094,,,,,0.161,0.307,0.255,0.255,,
18-Oct-16,1,0.116,,0.094,,,,,0.161,0.307,0.325,0.325,,
19-Oct-16,1,0.117,,0.095,,,,,0.16,0.307,0.325,0.325,,
20-Oct-16,1,0.117,,0.095,,,,,0.159,0.307,0.325,0.325,,
21-Oct-16,1,0.117,,0.096,,,,,0.159,0.306,0.326,0.326,,
22-Oct-16,1,0.117,,0.096,,,,,0.159,0.305,0.327,0.327,,
23-Oct-16,1,0.117,,0.097,,,,,0.146,0.305,0.328,0.328,,
24-Oct-16,1,0.117,,0.097,,,,,0.146,0.304,0.329,0.329,,
25-Oct-16,1,0.118,,0.097,,,,,0.146,0.303,0.33,0.33,,
26-Oct-16,1,0.118,,0.098,,,,,0.146,0.304,0.33,0.33,,
27-Oct-16,1,0.118,,0.098,,,,,0.14,0.316,0.329,0.329,,
28-Oct-16,1,0.118,,0.098,,,,,0.14,0.316,0.33,0.33,,
29-Oct-16,1,0.118,,,0.16,,,,0.215,0.298,0.332,0.332,,
30-Oct-16,1,0.119,,,,,,,0.215,0.3,0.336,0.336,,
31-Oct-16,1,0.119,,,,,,,0.215,0.301,0.336,0.336,,
1-Nov-16,1,0.119,,,0.165,,,,0.215,0.309,0.326,0.326,,
2-Nov-16,1,0.119,,,0.166,,,,0.215,0.31,0.325,0.325,,
3-Nov-16,1,,0.142,,0.166,,,,0.207,0.305,0.316,0.316,,
4-Nov-16,1,,0.141,,0.166,,,,0.208,0.324,0.297,0.297,,
5-Nov-16,1,,0.141,,0.166,,,,0.209,0.323,0.297,0.297,,
6-Nov-16,1,0.126,0.13,,0.165,,,0.168,0.209,0.324,0.296,0.296,,
7-Nov-16,1,0.117,0.132,0.062,0.161,,,0.168,0.209,0.337,0.291,0.291,,
8-Nov-16,1,0.117,0.131,0.062,0.161,,,0.168,0.208,0.337,0.291,0.291,,
9-Nov-16,1,0.118,0.131,0.063,0.161,,,0.168,0.208,0.337,0.29,0.29,,
10-Nov-16,1,0.106,0.127,0.064,0.153,,,0.169,0.221,0.272,0.306,0.306,,
11-Nov-16,1,0.107,0.126,0.064,0.152,,,0.169,0.222,0.273,0.306,0.306,,
12-Nov-16,1,0.109,0.127,0.065,0.152,,,,0.231,0.263,0.311,0.311,,
13-Nov-16,1,0.11,0.127,0.065,0.152,,,,0.232,0.264,0.311,0.311,,
14-Nov-16,1,0.109,0.128,0.065,0.143,,,0.108,0.2,0.261,0.311,0.311,,
15-Nov-16,1,0.109,0.129,0.066,0.143,,,0.106,0.2,0.28,0.297,0.297,,
16-Nov-16,1,0.109,0.131,0.066,0.143,,,0.104,0.2,0.281,0.297,0.297,,
17-Nov-16,1,0.109,0.136,0.066,0.141,,,0.102,0.2,0.29,0.294,0.294,,
18-Nov-16,1,0.109,0.136,0.066,0.141,,,0.1,0.199,0.292,0.296,0.296,,
19-Nov-16,1,0.114,0.143,0.066,0.141,,,0.097,0.201,0.303,0.29,0.29,,
20-Nov-16,1,0.114,0.143,0.066,0.141,,,0.095,0.2,0.306,0.291,0.291,,
21-Nov-16,1,0.114,0.143,0.067,0.141,,,0.093,0.199,0.307,0.291,0.291,,
22-Nov-16,1,0.101,0.174,0.068,0.141,,,,0.199,0.307,0.29,0.29,,
23-Nov-16,1,0.095,0.2,0.063,0.155,,,0.067,0.185,0.298,0.303,0.303,,
24-Nov-16,1,0.091,0.2,0.064,0.155,,,0.069,0.185,0.298,0.302,0.302,,
25-Nov-16,1,0.091,0.199,0.064,0.156,,,0.071,0.185,0.298,0.302,0.302,,
26-Nov-16,1,0.094,0.183,,,,,0.073,0.164,0.313,0.314,0.314,,
27-Nov-16,1,0.094,0.182,,,,,0.075,0.164,0.312,0.314,0.314,,
28-Nov-16,1,0.071,0.182,,,,,0.077,0.155,0.317,0.308,0.308,,
29-Nov-16,1,0.071,0.182,,,,,0.078,0.155,0.316,0.308,0.308,,
30-Nov-16,1,0.072,0.183,,,,,,0.164,0.316,0.308,0.308,,
1-Dec-16,1,0.073,0.183,,,,,,0.164,0.314,0.316,0.316,,
2-Dec-16,1,0.073,0.183,,,,,,0.165,0.314,0.316,0.316,,
3-Dec-16,1,0.073,0.183,,,,,,0.165,0.309,0.32,0.32,,
4-Dec-16,1,0.073,0.183,,,,,,0.165,0.308,0.322,0.322,,
5-Dec-16,1,0.073,0.183,,,,,,0.165,0.308,0.322,0.322,,
6-Dec-16,1,0.073,0.183,,,,,,0.165,0.308,0.322,0.322,,
7-Dec-16,1,0.073,0.183,,,,,,0.165,0.308,0.322,0.322,,
8-Dec-16,1,,0.19,,,,,,0.165,0.308,0.322,0.322,,
9-Dec-16,1,,,,,,,,,0.3,0.332,0.332,,
10-Dec-16,1,,,,,,,,,0.3,0.347,0.347,,
11-Dec-16,1,,,,,,,,,0.3,0.347,0.347,,
12-Dec-16,1,,,,,,,,,,,,,
13-Dec-16,1,,,,,,,,,,,,,
14-Dec-16,1,,,,,,,,,,,,,
15-Dec-16,1,,,,,,,,,,,,,
16-Dec-16,1,,,,,,,,,,,,,
17-Dec-16,1,,,,,,,,,,0.323,0.323,,
18-Dec-16,1,,,,,,,,,,0.321,0.321,,
19-Dec-16,1,,,,,,,,,,0.32,0.32,,
20-Dec-16,1,,,,,,,,,,0.318,0.318,,
21-Dec-16,1,,,,,,,,,,0.317,0.317,,
22-Dec-16,1,,,,,,,,,,0.316,0.316,,
23-Dec-16,1,,,,,,,,,,0.314,0.314,,
24-Dec-16,1,,,,,,,,,,0.313,0.313,,
25-Dec-16,1,,,,,,,,,,0.313,0.313,,
26-Dec-16,1,,,,,,,,,,,,,
27-Dec-16,1,,,,,,,,,,,,,
28-Dec-16,1,,,,,,,,,,,,,
29-Dec-16,1,,,,,,,,,,,,,
30-Dec-16,1,,,,,,,,,,,,,
31-Dec-16,1,,,,,,,,,,,,,
1-Jan-17,1,,,,,,,,,,,,,
2-Jan-17,1,,,,,,,,,,,,,
3-Jan-17,1,,,,,,,,,,,,,
4-Jan-17,1,,,,,,,,,,,,,
5-Jan-17,1,,,,,,,,,,,,,
6-Jan-17,1,,,,,,,,,,,,,
7-Jan-17,1,,,,,,,,,,,,,
8-Jan-17,1,,,,,,,,,,,,,
9-Jan-17,1,,,,,,,,,,,,,
10-Jan-17,1,,,,,,,,,0.292,0.279,0.279,,
11-Jan-17,1,,,,,,,,,0.292,0.28,0.28,,
12-Jan-17,1,,,,,,,,,0.293,0.279,0.279,,
13-Jan-17,1,,,,,,,,,0.293,0.279,0.279,,
14-Jan-17,1,,,,,,,,,0.293,0.28,0.28,,
15-Jan-17,1,,,,,,,,,0.293,0.28,0.28,,
16-Jan-17,1,,,,,,,,,0.294,0.28,0.28,,
17-Jan-17,1,,,,,,,,,0.288,0.284,0.284,,
18-Jan-17,1,,,,0.19,,,,,0.288,0.294,0.294,,
19-Jan-17,1,,,,0.19,,,,,0.288,0.295,0.295,,
20-Jan-17,1,,,,0.191,,,,0.199,0.291,0.298,0.298,,
21-Jan-17,1,,,,0.191,,,,0.2,0.284,0.293,0.293,,
22-Jan-17,1,,,,0.191,,,,0.201,0.287,0.287,0.287,,
23-Jan-17,1,,,,0.191,,,,0.202,0.287,0.292,0.292,,
24-Jan-17,1,,0.179,0.145,0.186,0.146,,,0.204,0.287,0.292,0.292,,
25-Jan-17,1,0.061,0.179,0.125,0.18,0.139,,,0.214,0.284,0.29,0.29,,
26-Jan-17,1,,,0.12,0.178,0.156,,,0.244,0.282,0.286,0.286,,
27-Jan-17,1,,,0.12,0.178,0.156,,,0.244,0.283,0.286,0.286,,
28-Jan-17,1,,,0.12,0.177,0.155,,,0.243,0.283,0.286,0.286,,
29-Jan-17,1,,,0.12,0.176,0.155,,,0.243,0.283,0.286,0.286,,
30-Jan-17,1,,,0.119,0.176,0.155,,,0.243,0.283,0.286,0.286,,
31-Jan-17,1,,,0.119,0.175,0.154,,,0.243,0.284,0.286,0.286,,
1-Feb-17,1,,,0.117,0.175,0.153,,,0.243,0.284,0.286,0.286,,
2-Feb-17,1,,,0.117,0.175,0.152,,,0.243,0.285,0.284,0.284,,
3-Feb-17,1,,,0.117,0.166,0.152,,,0.242,0.286,0.284,0.284,,
4-Feb-17,1,,,0.116,0.166,0.152,,,0.242,0.286,0.285,0.285,,
5-Feb-17,1,,,0.116,0.166,0.151,,,,0.279,0.283,0.283,,
6-Feb-17,1,,,0.116,0.166,0.15,,,,0.283,0.292,0.292,,
7-Feb-17,1,,,0.115,0.165,0.15,,,,0.292,0.302,0.302,,
8-Feb-17,1,,,0.115,0.165,0.149,,,0.194,0.293,,,,
9-Feb-17,1,,,,,,,,0.192,0.294,,,,
10-Feb-17,1,,,,,,,,,0.306,,,,
11-Feb-17,1,,,,,,,,,0.307,,,,
12-Feb-17,1,,,,,,,,,0.308,,,,
13-Feb-17,1,,,,,,,,,0.309,,,,
14-Feb-17,1,,,,,,,,,0.311,,,,
15-Feb-17,1,,,,,,,,,0.311,,,,
16-Feb-17,1,,,,,,,,,0.32,,,,
17-Feb-17,1,,,,,,,,,0.321,,,,
18-Feb-17,1,,,,,,,,,0.322,,,,
19-Feb-17,1,,,,,,,,,0.323,,,,
20-Feb-17,1,,,,,,,,,0.323,,,,
21-Feb-17,1,,,,,,,,,0.312,0.248,0.248,,
22-Feb-17,1,,,,,,,,,0.312,0.248,0.248,,
23-Feb-17,1,,,,,,,,,0.298,0.248,0.248,,
24-Feb-17,1,,,,,,,,,0.297,0.247,0.247,,
25-Feb-17,1,,,,,,,,,0.296,0.246,0.246,,
26-Feb-17,1,,,,,,,,,0.295,0.244,0.244,,
27-Feb-17,1,,0.217,,,,,,,0.297,0.237,0.237,,
28-Feb-17,1,,0.217,,,,,,,0.296,0.253,0.253,,
1-Mar-17,1,,0.217,,,,,,,0.297,0.254,0.254,,
2-Mar-17,1,,0.217,,,,,,,0.298,0.252,0.252,,
3-Mar-17,1,,0.217,,,,,,,0.299,0.253,0.253,,
4-Mar-17,1,,0.217,,0.247,,,,,0.281,0.247,0.247,,
5-Mar-17,1,,0.217,,0.247,,,,,0.283,0.247,0.247,,
6-Mar-17,1,,0.186,0.151,0.246,,,,,0.295,0.246,0.246,,
7-Mar-17,1,,0.196,0.15,0.247,,,,,0.296,0.247,0.247,,
8-Mar-17,1,,0.196,0.148,0.248,,,,,0.297,0.246,0.246,,
9-Mar-17,1,,0.196,0.147,0.248,,,,,0.318,0.257,0.257,,
10-Mar-17,1,,0.195,0.146,0.249,,,,,0.319,0.257,0.257,,
11-Mar-17,1,,0.214,0.145,0.25,,,,,0.32,0.257,0.257,,
12-Mar-17,1,,0.214,0.143,0.25,,,,,0.321,0.256,0.256,,
13-Mar-17,1,,0.214,0.142,0.25,,,,,0.322,0.256,0.256,,
14-Mar-17,1,,0.215,0.142,0.249,,,,,0.322,0.256,0.256,,
15-Mar-17,1,,0.217,,,,,,,,0.267,0.267,,
16-Mar-17,1,,0.218,,,,,,,0.322,0.241,0.241,,
17-Mar-17,1,,0.219,,,,,,,0.322,0.241,0.241,,
18-Mar-17,1,,0.22,,,,,,,0.323,,,,
19-Mar-17,1,,0.22,,,,,,,0.324,,,,
20-Mar-17,1,,0.22,,,,,,,0.324,0.284,0.284,,
21-Mar-17,1,,0.22,,,,,,,0.324,0.285,0.285,,
22-Mar-17,1,,0.248,,,,,,,,,,,
23-Mar-17,1,,,,,,,,,,,,,
24-Mar-17,1,,,,,,,,,,,,,
25-Mar-17,1,0.169,,,,,,0.151,0.225,,,,,
26-Mar-17,1,0.168,,,,,,0.151,0.224,,,,,
27-Mar-17,1,0.168,,,,,,0.151,0.223,,,,,
28-Mar-17,1,0.168,,,,,,0.152,0.222,0.314,0.315,0.315,,
29-Mar-17,1,0.167,,,,,,0.152,0.221,0.321,0.315,0.315,,
30-Mar-17,1,0.167,,,,,,0.152,0.221,0.321,0.315,0.315,,
31-Mar-17,1,0.167,,,,,,0.153,0.22,0.322,0.314,0.314,,
1-Apr-17,1,0.167,,,,,,,,0.32,0.314,0.314,,
2-Apr-17,1,0.167,,,,,,,,0.321,0.313,0.313,,
3-Apr-17,1,0.167,,,,,,,0.201,0.323,0.265,0.265,,
4-Apr-17,1,0.166,,,,,,,0.201,0.324,0.264,0.264,,
5-Apr-17,1,0.166,,,,,,,0.202,0.325,0.25,0.25,,
6-Apr-17,1,0.166,,,,,,,0.203,0.325,0.249,0.249,,
7-Apr-17,1,,,,,,,,0.203,0.326,0.247,0.247,,
8-Apr-17,1,,,,,,,0.192,0.203,0.326,0.245,0.245,,
9-Apr-17,1,,,,,,,0.192,0.204,0.327,0.243,0.243,,
10-Apr-17,1,,,,,,,,,0.327,0.242,0.242,,
11-Apr-17,1,,,,,,,,,0.328,0.242,0.242,,
12-Apr-17,1,,,,,,,,,0.328,0.242,0.242,,
13-Apr-17,1,,,,,,,,,0.317,0.237,0.237,,
14-Apr-17,1,,,,,,,,0.202,0.307,0.247,0.247,,
15-Apr-17,1,0.118,0.217,,0.217,,,0.204,0.198,0.307,0.248,0.248,,
16-Apr-17,1,0.117,0.218,,0.217,0.087,,0.203,0.198,0.307,0.249,0.249,,
17-Apr-17,1,0.117,0.218,,0.216,0.086,,0.203,0.198,0.306,0.25,0.25,,
18-Apr-17,1,0.117,0.218,,0.216,0.086,,0.202,0.198,0.306,0.251,0.251,,
19-Apr-17,1,0.117,0.218,,0.215,0.086,,0.201,0.189,,0.288,0.288,,
20-Apr-17,1,0.116,0.218,,0.214,0.085,,0.201,0.189,,0.288,0.288,,
21-Apr-17,1,0.116,0.218,,,0.085,,0.2,0.19,0.294,0.288,0.288,,
22-Apr-17,1,0.117,0.218,,,0.084,,0.2,0.19,0.294,0.288,0.288,,
23-Apr-17,1,0.117,0.218,,,0.084,,0.2,0.19,0.294,0.288,0.288,,
24-Apr-17,1,0.116,0.219,,,0.084,,,0.19,0.295,0.288,0.288,,
25-Apr-17,1,0.116,0.219,,,0.084,,,0.19,0.296,0.288,0.288,,
26-Apr-17,1,0.116,0.219,,,0.083,,,0.216,0.296,0.288,0.288,,
27-Apr-17,1,0.115,0.219,,,0.083,,,0.217,0.297,0.287,0.287,,
28-Apr-17,1,0.115,0.219,,,0.083,,,0.218,0.297,0.287,0.287,,
29-Apr-17,1,0.115,0.219,,,0.082,,,0.219,,,,,
30-Apr-17,1,,,,,0.082,,,0.228,,,,,
1-May-17,1,,,,,,,,0.242,,,,,
2-May-17,1,,,,,,,,0.242,,,,,
3-May-17,1,,,,,,,,0.242,,,,,
4-May-17,1,,,,,,,,0.242,,,,,
5-May-17,1,,,,,,,,0.242,,0.241,0.241,,
6-May-17,1,,,,,,,,0.242,,0.274,0.274,,
7-May-17,1,,,,,,,,0.242,,0.274,0.274,,
8-May-17,1,,,,,,,,0.242,,0.274,0.274,,
9-May-17,1,,,,,,,,0.243,,0.274,0.274,,
10-May-17,1,,,,,,,,0.243,,0.274,0.274,,
11-May-17,1,,,,,,,,0.243,,0.274,0.274,,
12-May-17,1,,,,,,,,,,0.272,0.272,,
13-May-17,1,,,,,,,,,,0.273,0.273,,
14-May-17,1,,,,,,,,,,0.273,0.273,,
15-May-17,1,,,,,,,,,,0.273,0.273,,
16-May-17,1,,,,,,,,,,0.273,0.273,,
17-May-17,1,,,,,,,,,,0.273,0.273,,
18-May-17,1,,,,,,,,,,0.272,0.272,,
19-May-17,1,,,,,,,,,,0.272,0.272,,
20-May-17,1,,,,,,,,,,0.272,0.272,,
21-May-17,1,,,,,,,,,,0.293,0.293,,
22-May-17,1,,,,,,,,,,,,,
23-May-17,1,,,,,,,,,,,,,
24-May-17,1,,,,,,,,,,,,,
25-May-17,1,,,,,,,,,,,,,
26-May-17,1,,,,,,,,,,,,,
27-May-17,1,,,,,,,,,,,,,
28-May-17,1,,,,,,,,,,,,,
29-May-17,1,,,,,,,,,,,,,
30-May-17,1,,,,,,,,,,,,,
31-May-17,1,,,,,,,,,,,,,
1-Jun-17,1,,,,,,,,,,,,,
2-Jun-17,1,,,,,,,,,,,,,
3-Jun-17,1,,,,,,,,,,,,,
4-Jun-17,1,,,,,,,,,,,,,
5-Jun-17,1,,,,,,,,,,,,,
6-Jun-17,1,,,,,,,,,,,,,
7-Jun-17,1,,,,,,,,,,,,,
8-Jun-17,1,,,,,,,,,,,,,
9-Jun-17,1,,,,,,,,,,,,,
10-Jun-17,1,,,,,,,,,,,,,
11-Jun-17,1,,,,,,,,,,,,,
12-Jun-17,1,,,,,,,,0.253,,,,,
13-Jun-17,1,,,,,,,,0.25,,,,,
