system:time_start,COD Var.,NDVI,,,,,,,,,,,,,,,,,,,,,,
5-Dec-16,0,0.498,0.602,0.648,0.601,0.549,0.544,0.589,0.544,0.566,0.596,,0.654,0.682,0.7,0.539,0.506,0.506,0.446,-0.008,0.124,0.221,,Start Date: 2016-12-05
6-Dec-16,0,0.496,0.588,0.636,0.601,0.554,0.515,0.582,0.515,0.549,0.58,,0.66,0.699,0.713,0.543,0.517,0.517,0.404,-0.072,0.121,0.257,,First 10: NE
7-Dec-16,0,0.496,0.587,0.636,0.601,0.554,0.515,0.582,0.515,0.549,0.581,,0.659,0.698,0.713,0.544,0.517,0.517,0.404,-0.072,0.121,0.257,,Last 10: SW
8-Dec-16,0,0.489,0.599,0.633,0.602,0.542,0.499,0.578,0.499,0.542,0.545,,0.653,0.689,0.712,0.529,0.522,0.522,0.42,-0.073,0.208,0.27,,South to North
9-Dec-16,0,0.493,0.619,0.626,0.577,0.529,0.499,0.578,0.499,0.542,0.546,,0.64,0.686,0.674,0.529,0.522,0.522,0.42,-0.083,0.208,0.27,,
10-Dec-16,0,0.474,0.63,0.641,0.543,0.475,0.444,0.538,0.444,0.45,0.491,,0.619,0.639,0.641,0.505,0.511,0.511,0.383,-0.148,-0.279,-0.139,,
11-Dec-16,0,0.488,0.642,0.646,0.53,0.457,0.392,0.527,0.392,0.437,0.495,,0.576,0.655,0.614,0.524,0.488,0.488,0.279,-0.074,-0.277,-0.138,,
12-Dec-16,0,0.493,0.659,0.656,0.508,0.444,0.348,0.508,0.348,0.417,0.433,,0.586,0.636,0.595,0.521,0.481,0.481,0.165,-0.117,-0.224,-0.066,,
13-Dec-16,0,0.471,0.643,0.64,0.511,0.443,0.348,0.486,0.348,0.381,0.406,,0.559,0.623,0.592,0.512,0.475,0.475,0.156,-0.116,-0.224,-0.066,,
14-Dec-16,0,0.478,0.645,0.64,0.521,0.44,0.339,0.484,0.339,0.37,0.412,,0.521,0.601,0.499,0.502,0.54,0.54,0.155,-0.354,-0.196,-0.061,,
15-Dec-16,0,0.461,0.644,0.644,0.52,0.434,0.341,0.477,0.341,0.362,0.404,,0.502,0.583,0.495,0.526,0.522,0.522,0.185,-0.425,-0.169,-0.061,,
16-Dec-16,0,0.46,0.644,0.644,0.52,0.434,0.341,0.477,0.341,0.362,0.404,,0.502,0.582,0.495,0.526,0.523,0.523,0.185,-0.424,-0.169,-0.062,,
17-Dec-16,0,0.448,0.643,0.651,0.53,0.433,0.341,0.477,0.341,0.363,0.404,,0.548,0.571,0.514,0.488,0.472,0.472,0.185,-0.425,-0.169,-0.058,,
18-Dec-16,0,0.448,0.642,0.651,0.531,0.435,0.34,0.477,0.34,0.363,0.404,,0.547,0.571,0.514,0.488,0.471,0.471,0.182,-0.428,-0.167,-0.057,,
19-Dec-16,0,0.446,0.645,0.64,0.52,0.419,0.355,0.471,0.355,0.366,0.41,,0.531,0.559,0.502,0.502,0.46,0.46,0.209,-0.43,-0.138,-0.057,,
20-Dec-16,0,0.445,0.645,0.639,0.52,0.418,0.355,0.469,0.355,0.365,0.409,,0.53,0.558,0.518,0.502,0.459,0.459,0.246,-0.433,-0.136,-0.056,,
21-Dec-16,0,0.375,0.645,0.656,0.535,0.355,0.38,0.417,0.38,0.328,0.396,,0.529,0.554,0.513,0.507,0.451,0.451,0.288,-0.436,-0.135,-0.056,,
22-Dec-16,0,0.37,0.643,0.655,0.525,0.345,0.371,0.414,0.371,0.329,0.386,,0.517,0.544,0.511,0.503,0.443,0.443,0.304,-0.438,-0.132,-0.056,,
23-Dec-16,0,0.356,0.648,0.656,0.524,0.349,0.379,0.432,0.379,0.333,0.388,,0.521,0.535,0.51,0.5,0.44,0.44,0.376,-0.437,-0.113,-0.083,,
24-Dec-16,0,0.37,0.65,0.653,0.521,0.356,0.382,0.427,0.382,0.342,0.389,,0.516,0.527,0.512,0.501,0.426,0.426,0.372,-0.414,-0.112,-0.083,,
25-Dec-16,0,0.368,0.649,0.656,0.523,0.353,0.382,0.428,0.382,0.343,0.389,,0.512,0.523,0.511,0.502,0.425,0.425,0.372,-0.465,-0.11,-0.084,,
26-Dec-16,0,0.367,0.644,0.646,0.525,0.364,0.387,0.422,0.387,0.349,0.383,,0.503,0.508,0.509,0.502,0.406,0.406,0.373,-0.448,-0.075,-0.08,,
27-Dec-16,0,0.365,0.646,0.646,0.525,0.354,0.37,0.449,0.37,0.327,0.378,,0.514,0.51,0.51,0.5,0.408,0.408,0.348,-0.451,-0.074,-0.08,,
28-Dec-16,0,0.365,0.646,0.646,0.525,0.355,0.37,0.45,0.37,0.327,0.377,,0.514,0.509,0.509,0.501,0.407,0.407,0.349,-0.449,-0.074,-0.08,,
29-Dec-16,0,0.365,0.658,0.651,0.527,0.354,0.369,0.451,0.369,0.335,0.369,,0.509,0.512,0.511,0.505,0.414,0.414,0.369,-0.447,-0.073,-0.08,,
30-Dec-16,0,0.344,0.659,0.652,0.519,0.351,0.379,0.423,0.379,0.349,0.361,,0.51,0.499,0.506,0.499,0.402,0.402,0.37,-0.419,-0.052,0.001,,
31-Dec-16,0,0.357,0.663,0.648,0.521,0.352,0.384,0.455,0.384,0.363,0.368,,0.521,0.497,0.51,0.495,0.394,0.394,0.379,-0.367,-0.034,0.001,,
1-Jan-17,0,0.357,0.663,0.648,0.521,0.352,0.384,0.454,0.384,0.363,0.367,,0.521,0.497,0.509,0.495,0.394,0.394,0.379,-0.367,-0.034,0.001,,
2-Jan-17,0,0.373,0.667,0.631,0.49,0.351,0.383,0.454,0.383,0.363,0.367,,0.489,0.494,0.497,0.458,0.383,0.383,0.371,-0.347,-0.034,0.1,,
3-Jan-17,0,0.372,0.668,0.631,0.49,0.351,0.382,0.453,0.382,0.362,0.367,,0.489,0.494,0.496,0.456,0.383,0.383,0.371,-0.348,,,,
4-Jan-17,0,0.342,0.639,0.632,0.499,0.313,0.318,0.453,0.318,0.318,0.289,,0.494,0.497,0.508,0.397,0.382,0.382,0.335,,,,,
5-Jan-17,0,0.34,0.639,0.632,0.5,0.312,0.317,0.452,0.317,0.317,0.288,,0.493,0.497,0.5,0.395,0.381,0.381,0.332,,,,,
6-Jan-17,0,0.392,0.64,0.603,0.484,0.247,0.209,0.401,0.209,0.176,0.245,,0.473,0.493,0.51,0.393,0.317,0.317,0.237,-0.291,,,,
7-Jan-17,0,0.413,0.647,0.589,0.455,0.169,0.189,0.433,0.189,0.164,0.225,,0.479,0.495,0.509,0.366,0.305,0.305,0.08,-0.291,,,,
8-Jan-17,0,0.416,0.641,0.59,0.453,0.126,0.188,0.424,0.188,0.141,0.211,,0.47,0.506,0.51,0.348,0.299,0.299,0.076,-0.291,,-0.139,,
9-Jan-17,0,0.383,0.655,0.576,0.457,0.079,0.158,0.396,0.158,0.133,0.227,,0.468,0.521,0.497,0.191,0.279,0.279,-0.112,-0.292,-0.313,-0.139,,
10-Jan-17,0,0.384,0.655,0.577,0.456,0.075,0.155,0.397,0.155,0.132,0.225,,0.469,0.521,0.496,0.183,0.277,0.277,-0.118,-0.292,-0.313,-0.137,,
11-Jan-17,0,0.384,0.654,0.578,0.455,0.072,0.153,0.397,0.153,0.132,0.223,,0.468,0.52,0.496,0.175,0.219,0.219,-0.124,-0.292,-0.313,-0.137,,
12-Jan-17,0,0.387,0.672,0.577,0.452,0.04,0.081,0.397,0.081,0.134,0.177,,0.468,0.52,0.496,0.172,0.216,0.216,-0.13,-0.293,-0.313,-0.139,,
13-Jan-17,0,0.39,0.673,0.577,0.448,0.033,0.082,0.396,0.082,0.134,0.177,,0.468,0.52,0.495,0.169,0.214,0.214,-0.135,-0.293,-0.313,-0.141,,
14-Jan-17,0,0.389,0.669,0.576,0.412,0.001,0.021,0.417,0.021,0.096,0.183,,0.465,0.519,0.498,0.05,0.135,0.135,-0.135,-0.292,-0.315,-0.141,,
15-Jan-17,0,0.407,0.684,0.595,0.447,0.203,0.059,0.44,0.059,0.211,0.172,,0.46,0.517,0.501,0.031,0.083,0.083,-0.152,-0.292,-0.317,-0.139,,
16-Jan-17,0,0.406,0.728,0.596,0.45,0.206,0.061,0.44,0.061,0.216,0.173,,0.447,0.504,0.498,0.092,0.098,0.098,-0.099,-0.292,-0.319,-0.138,,
17-Jan-17,0,0.432,0.695,0.586,0.484,0.128,0.085,0.434,0.085,0.229,0.217,,0.44,0.493,0.485,0.256,0.146,0.146,-0.075,-0.336,-0.286,-0.176,,
18-Jan-17,0,0.433,0.697,0.586,0.487,0.129,0.085,0.435,0.085,0.231,0.217,,0.439,0.492,0.485,0.197,0.174,0.174,-0.188,,-0.284,-0.177,,
19-Jan-17,0,0.421,0.698,0.572,0.453,0.138,0.129,0.436,0.129,0.202,0.218,,0.435,0.491,0.485,0.164,0.181,0.181,-0.197,,-0.283,-0.178,,
20-Jan-17,0,0.437,0.724,0.59,0.437,0.248,0.249,0.425,0.249,0.231,0.339,,0.443,0.492,0.477,0.267,0.208,0.208,-0.205,,-0.296,-0.24,,
21-Jan-17,0,0.427,0.727,0.604,0.447,0.184,0.255,0.431,0.255,0.233,0.335,,0.442,0.49,0.475,0.27,0.22,0.22,-0.204,-0.001,-0.295,-0.257,,
22-Jan-17,0,0.376,0.733,0.631,0.498,0.327,0.322,0.442,0.322,0.316,0.381,,0.441,0.489,0.472,0.279,0.24,0.24,-0.185,-0.002,-0.308,-0.295,,
23-Jan-17,0,0.359,0.73,0.639,0.457,0.307,0.323,0.44,0.323,0.315,0.381,,0.438,0.487,0.472,0.287,0.255,0.255,-0.129,-0.483,-0.307,-0.294,,
24-Jan-17,0,0.359,0.73,0.64,0.454,0.307,0.324,0.44,0.324,0.314,0.381,,0.439,0.487,0.472,0.286,0.258,0.258,-0.132,-0.482,-0.305,-0.293,,
25-Jan-17,0,0.367,0.73,0.641,0.452,0.307,0.324,0.453,0.324,0.321,0.391,,0.435,0.479,0.472,0.293,0.286,0.286,-0.138,-0.483,-0.272,-0.292,,
26-Jan-17,0,0.367,0.73,0.643,0.45,0.307,0.325,0.452,0.325,0.32,0.391,,0.436,0.479,0.471,0.295,0.287,0.287,-0.136,-0.486,-0.274,-0.292,,
27-Jan-17,0,0.367,0.73,0.644,0.448,0.307,0.325,0.452,0.325,0.319,0.391,,0.438,0.479,0.471,0.298,0.288,0.288,-0.134,-0.49,-0.277,-0.291,,
28-Jan-17,0,0.366,0.73,0.645,0.447,0.306,0.325,0.454,0.325,0.319,0.392,,0.438,0.479,0.472,0.299,0.29,0.29,-0.131,-0.004,,-0.291,,
29-Jan-17,0,0.366,0.73,0.646,0.445,0.305,0.325,0.453,0.325,0.319,0.392,,0.438,0.479,0.472,0.299,0.291,0.291,-0.126,-0.493,,-0.29,,
30-Jan-17,0,0.365,0.73,0.647,0.443,0.304,0.324,0.454,0.324,0.318,0.391,,0.438,0.479,0.472,0.301,0.292,0.292,-0.122,-0.495,,-0.289,,
31-Jan-17,0,0.346,0.732,0.646,0.383,0.299,0.335,0.435,0.335,0.297,0.408,,0.444,0.475,0.466,0.294,0.292,0.292,-0.123,-0.495,,-0.288,,
1-Feb-17,0,0.347,0.717,0.646,0.383,0.299,0.335,0.436,0.335,0.296,0.408,,0.455,0.485,0.461,0.276,0.311,0.311,-0.173,-0.494,,-0.288,,
2-Feb-17,0,0.382,0.716,0.657,0.404,0.298,0.262,0.411,0.262,0.308,0.319,,0.451,0.516,0.488,0.27,0.272,0.272,-0.131,-0.619,,-0.289,,
3-Feb-17,0,0.382,0.708,0.654,0.402,0.25,0.216,0.405,0.216,0.275,0.29,,0.445,0.51,0.486,0.239,0.207,0.207,-0.043,-0.476,,-0.261,,
4-Feb-17,0,0.368,0.735,0.638,0.385,0.212,0.217,0.385,0.217,0.26,0.258,,0.435,0.512,0.485,0.233,0.222,0.222,-0.039,-0.288,-0.196,-0.165,,
5-Feb-17,0,0.372,0.743,0.625,0.26,0.087,0.083,0.355,0.083,0.184,0.165,,0.444,0.547,0.493,-0.093,0.058,0.058,-0.002,-0.19,-0.152,-0.094,,
6-Feb-17,0,0.385,0.743,0.604,0.183,0.005,-0.073,0.329,-0.073,0.164,0.153,,0.445,0.56,0.497,-0.121,0.028,0.028,0.024,-0.191,-0.152,-0.049,,
7-Feb-17,0,0.37,0.707,0.621,0.152,-0.032,0.013,0.312,0.013,0.141,0.162,,0.52,0.54,0.499,-0.238,0.03,0.03,0.025,-0.218,-0.177,-0.092,,
8-Feb-17,0,0.406,0.718,0.609,0.135,-0.114,-0.025,0.286,-0.025,0.077,0.087,,0.526,0.562,0.501,-0.222,-0.032,-0.032,-0.004,-0.229,-0.177,-0.091,,
9-Feb-17,0,0.405,0.666,0.581,0.178,-0.115,-0.025,0.287,-0.025,0.078,0.086,,0.512,0.497,0.538,-0.288,-0.015,-0.015,-0.021,-0.233,-0.17,-0.077,,
10-Feb-17,0,0.404,0.666,0.582,0.178,-0.115,-0.026,0.287,-0.026,0.077,0.086,,0.512,0.497,0.538,-0.289,-0.014,-0.014,-0.021,-0.233,-0.17,-0.076,,
11-Feb-17,0,0.404,0.667,0.582,0.32,-0.114,-0.025,0.289,-0.025,0.078,0.084,,0.512,0.524,0.54,-0.291,-0.014,-0.014,-0.021,-0.233,-0.17,-0.077,,
12-Feb-17,0,0.39,0.668,0.583,0.171,-0.113,-0.022,0.291,-0.022,0.076,0.081,,0.512,0.498,0.541,-0.291,-0.014,-0.014,-0.021,-0.235,-0.171,-0.077,,
13-Feb-17,0,0.391,0.665,0.583,0.172,-0.115,-0.018,0.292,-0.018,0.073,0.083,,0.513,0.496,0.542,-0.291,-0.012,-0.012,-0.02,-0.238,-0.172,-0.077,,
14-Feb-17,0,0.392,0.676,0.583,0.114,-0.116,0.036,0.325,0.036,0.044,0.029,,0.515,0.494,0.551,-0.297,-0.011,-0.011,-0.042,-0.25,-0.182,-0.062,,
15-Feb-17,0,0.39,0.675,0.582,0.174,-0.117,0.037,0.326,0.037,0.042,0.026,,0.514,0.492,0.49,-0.278,-0.004,-0.004,-0.044,-0.252,-0.181,-0.059,,
16-Feb-17,0,0.425,0.69,0.627,0.153,-0.042,0.072,0.36,0.072,-0.031,0.034,,0.523,0.499,0.49,-0.275,0.006,0.006,-0.036,-0.25,-0.148,-0.027,,
17-Feb-17,0,0.435,0.71,0.619,0.184,-0.085,0.073,0.362,0.073,-0.034,0.095,,0.521,0.584,0.513,-0.227,-0.008,-0.008,-0.061,-0.251,-0.136,-0.023,,
18-Feb-17,0,0.446,0.726,0.637,0.217,-0.065,0.129,0.383,0.129,-0.004,0.075,,0.517,0.587,0.502,-0.224,-0.017,-0.017,-0.07,-0.25,-0.174,-0.005,,
19-Feb-17,0,0.426,0.736,0.624,0.26,-0.085,0.103,0.393,0.103,0.095,0.129,,0.53,0.602,0.515,-0.185,-0.015,-0.015,-0.095,-0.321,-0.155,-0.021,,
20-Feb-17,0,0.427,0.735,0.619,0.27,-0.086,0.082,0.391,0.082,0.096,0.13,,0.51,0.6,0.514,-0.159,-0.017,-0.017,-0.096,-0.31,-0.178,-0.026,,
21-Feb-17,0,0.449,0.733,0.569,0.318,-0.122,0.127,0.419,0.127,0.125,0.176,,0.594,0.621,0.53,-0.132,-0.003,-0.003,-0.11,-0.378,-0.143,-0.016,,
22-Feb-17,0,0.444,0.742,0.579,0.306,-0.067,0.135,0.407,0.135,0.166,0.184,,0.587,0.632,0.533,-0.131,-0.007,-0.007,-0.107,-0.359,-0.153,-0.027,,
23-Feb-17,0,0.428,0.753,0.595,0.373,0.007,0.113,0.41,0.113,0.159,0.189,,0.576,0.651,0.555,-0.068,-0.001,-0.001,-0.145,-0.364,-0.155,0.019,,
24-Feb-17,0,0.427,0.754,0.597,0.373,0.005,0.111,0.411,0.111,0.163,0.192,,0.576,0.651,0.555,-0.064,-0.002,-0.002,-0.146,-0.364,-0.156,0.018,,
25-Feb-17,0,0.426,0.754,0.597,0.375,0.004,0.11,0.412,0.11,0.166,0.194,,0.58,0.65,0.555,-0.062,0.004,0.004,-0.137,-0.376,-0.147,0.025,,
26-Feb-17,0,0.425,0.754,0.598,0.377,0.003,0.107,0.411,0.107,0.17,0.195,,0.58,0.65,0.555,-0.059,0.004,0.004,-0.137,-0.376,-0.147,0.024,,
27-Feb-17,0,0.423,0.754,0.622,0.378,0.004,0.107,0.412,0.107,0.169,0.195,,0.582,0.651,0.555,-0.056,0.005,0.005,-0.135,-0.376,-0.147,0.024,,
28-Feb-17,0,0.423,0.754,0.568,0.379,0.004,0.106,0.412,0.106,0.169,0.195,,0.584,0.652,0.555,-0.053,0.006,0.006,-0.136,-0.376,-0.146,0.026,,
1-Mar-17,0,0.417,0.755,0.599,0.369,0.002,0.106,0.417,0.106,0.168,0.195,,0.582,0.652,0.556,-0.051,0.023,0.023,-0.143,-0.372,-0.146,0.038,,
2-Mar-17,0,0.415,0.756,0.603,0.372,0.004,0.084,0.407,0.084,0.192,0.237,,0.58,0.652,0.555,-0.005,0.047,0.047,-0.14,-0.372,-0.13,0.034,,
3-Mar-17,0,0.414,0.756,0.604,0.371,0.002,0.084,0.409,0.084,0.191,0.237,,0.58,0.653,0.561,0.007,0.045,0.045,-0.141,-0.372,-0.129,0.036,,
4-Mar-17,0,0.428,0.75,0.602,0.404,0.042,0.143,0.407,0.143,0.263,0.267,,0.617,0.659,0.582,0.059,0.071,0.071,-0.151,-0.31,-0.128,0.04,,
5-Mar-17,0,0.447,0.74,0.614,0.442,0.103,0.12,0.408,0.12,0.241,0.258,,0.64,0.668,0.564,0.103,0.133,0.133,-0.119,-0.312,-0.104,0.052,,
6-Mar-17,0,0.452,0.741,0.606,0.44,0.083,0.116,0.404,0.116,0.248,0.266,,0.631,0.67,0.563,0.134,0.155,0.155,-0.07,-0.34,-0.077,0.067,,
7-Mar-17,0,0.463,0.739,0.608,0.463,0.172,0.16,0.414,0.16,0.224,0.265,,0.655,0.681,0.579,0.166,0.182,0.182,-0.055,-0.344,-0.053,0.087,,
8-Mar-17,0,0.457,0.739,0.63,0.462,0.165,0.132,0.414,0.132,0.197,0.261,,0.658,0.681,0.579,0.169,0.187,0.187,-0.054,-0.338,-0.059,0.09,,
9-Mar-17,0,0.438,0.737,0.639,0.476,0.237,0.185,0.395,0.185,0.213,0.292,,0.583,0.687,0.588,0.229,0.233,0.233,0.022,-0.349,-0.048,0.102,,
10-Mar-17,0,0.441,0.735,0.639,0.521,0.257,0.189,0.389,0.189,0.223,0.308,,0.636,0.683,0.591,0.216,0.229,0.229,0.038,-0.222,-0.068,0.099,,
11-Mar-17,0,0.473,0.732,0.6,0.509,0.257,0.219,0.381,0.219,0.257,0.339,,0.657,0.69,0.588,0.243,0.265,0.265,0.114,-0.212,0.014,0.094,,
12-Mar-17,0,0.471,0.733,0.601,0.507,0.255,0.218,0.381,0.218,0.256,0.339,,0.657,0.69,0.585,0.243,0.266,0.266,0.117,-0.209,0.016,0.096,,
13-Mar-17,0,0.467,0.734,0.601,0.521,0.256,0.221,0.379,0.221,0.257,0.34,,0.657,0.69,0.584,0.243,0.266,0.266,0.159,-0.204,0.021,0.104,,
14-Mar-17,0,0.437,0.734,0.608,0.539,0.256,0.254,0.389,0.254,0.31,0.363,,0.638,0.7,0.606,0.25,0.24,0.24,0.179,-0.226,-0.023,0.12,,
15-Mar-17,0,0.433,0.736,0.608,0.53,0.252,0.269,0.379,0.269,0.311,0.364,,0.637,0.698,0.606,0.25,0.238,0.238,0.176,-0.221,-0.025,0.123,,
16-Mar-17,0,0.428,0.728,0.582,0.459,0.223,0.273,0.395,0.273,0.296,0.374,,0.64,0.706,0.606,0.24,0.233,0.233,0.207,-0.254,-0.01,0.136,,
17-Mar-17,0,0.428,0.728,0.584,0.46,0.257,0.274,0.396,0.274,0.297,0.375,,0.64,0.706,0.61,0.239,0.231,0.231,0.222,-0.25,-0.011,0.139,,
18-Mar-17,0,0.425,0.728,0.586,0.455,0.235,0.278,0.392,0.278,0.302,0.385,,0.639,0.707,0.61,0.239,0.227,0.227,0.232,-0.252,-0.011,0.156,,
19-Mar-17,0,0.424,0.728,0.586,0.454,0.234,0.278,0.394,0.278,0.304,0.386,,0.639,0.708,0.611,0.239,0.226,0.226,0.234,-0.254,-0.01,0.159,,
20-Mar-17,0,0.419,0.709,0.57,0.431,0.25,0.28,0.399,0.28,0.295,0.379,,0.579,0.712,0.621,0.237,0.244,0.244,0.276,-0.271,-0.016,0.18,,
21-Mar-17,0,0.402,0.704,0.508,0.341,0.274,0.331,0.417,0.331,0.355,0.428,,0.567,0.724,0.627,0.235,0.219,0.219,0.297,-0.254,-0.015,0.17,,
22-Mar-17,0,0.397,0.692,0.489,0.344,0.281,0.322,0.423,0.322,0.371,0.438,,0.568,0.728,0.642,0.247,0.223,0.223,0.295,-0.308,-0.019,0.164,,
23-Mar-17,0,0.412,0.69,0.493,0.349,0.294,0.33,0.441,0.33,0.369,0.432,,0.501,0.729,0.654,0.267,0.259,0.259,0.292,-0.281,-0.013,0.18,,
24-Mar-17,0,0.409,0.69,0.489,0.325,0.289,0.333,0.45,0.333,0.372,0.433,,0.485,0.729,0.643,0.279,0.26,0.26,0.286,-0.291,0.011,0.182,,
25-Mar-17,0,0.423,0.683,0.482,0.38,0.273,0.335,0.466,0.335,0.371,0.445,,0.52,0.722,0.629,0.299,0.277,0.277,0.295,-0.266,0.025,0.193,,
26-Mar-17,0,0.416,0.688,0.469,0.389,0.269,0.332,0.479,0.332,0.375,0.451,,0.521,0.718,0.645,0.29,0.314,0.314,0.294,-0.254,-0.002,0.197,,
27-Mar-17,0,0.409,0.677,0.46,0.391,0.271,0.344,0.484,0.344,0.379,0.459,,0.528,0.709,0.63,0.306,0.317,0.317,0.304,-0.213,0.072,0.192,,
28-Mar-17,0,0.413,0.675,0.459,0.4,0.282,0.351,0.483,0.351,0.388,0.467,,0.523,0.707,0.63,0.313,0.325,0.325,0.301,-0.179,0.079,0.189,,
29-Mar-17,0,0.413,0.676,0.458,0.4,0.283,0.351,0.484,0.351,0.388,0.467,,0.52,0.706,0.631,0.314,0.327,0.327,0.301,-0.177,0.08,0.189,,
30-Mar-17,0,0.418,0.668,0.458,0.382,0.287,0.35,0.489,0.35,0.387,0.468,,0.524,0.701,0.626,0.321,0.328,0.328,0.302,-0.163,0.092,0.187,,
31-Mar-17,0,0.418,0.667,0.459,0.386,0.294,0.356,0.486,0.356,0.387,0.468,,0.532,0.701,0.633,0.326,0.331,0.331,0.302,-0.163,0.094,0.189,,
1-Apr-17,0,0.426,0.663,0.454,0.427,0.309,0.365,0.493,0.365,0.411,0.48,,0.537,0.695,0.633,0.351,0.347,0.347,0.302,-0.128,0.112,0.192,,
2-Apr-17,0,0.426,0.663,0.46,0.416,0.31,0.367,0.496,0.367,0.415,0.485,,0.559,0.693,0.642,0.357,0.346,0.346,0.305,-0.116,0.111,0.191,,
3-Apr-17,0,0.423,0.666,0.465,0.43,0.328,0.383,0.501,0.383,0.415,0.494,,0.585,0.686,0.638,0.364,0.345,0.345,0.314,-0.125,0.12,0.19,,
4-Apr-17,0,0.423,0.666,0.465,0.431,0.33,0.384,0.501,0.384,0.416,0.495,,0.586,0.687,0.639,0.366,0.345,0.345,0.315,-0.124,0.121,0.189,,
5-Apr-17,0,0.422,0.679,0.466,0.431,0.331,0.384,0.501,0.384,0.413,0.495,,0.58,0.687,0.635,0.371,0.34,0.34,0.312,-0.108,0.111,0.19,,
6-Apr-17,0,0.426,0.678,0.483,0.449,0.33,0.388,0.514,0.388,0.415,0.509,,0.588,0.674,0.652,0.385,0.35,0.35,0.347,-0.093,0.124,0.198,,
7-Apr-17,0,0.44,0.678,0.499,0.473,0.341,0.393,0.515,0.393,0.433,0.519,,0.588,0.677,0.635,0.405,0.359,0.359,0.346,-0.06,0.154,0.217,,
8-Apr-17,0,0.434,0.673,0.495,0.492,0.339,0.397,0.517,0.397,0.443,0.535,,0.612,0.673,0.62,0.417,0.364,0.364,0.362,-0.035,0.162,0.213,,
9-Apr-17,0,0.437,0.673,0.498,0.494,0.344,0.399,0.517,0.399,0.447,0.537,,0.628,0.672,0.626,0.424,0.367,0.367,0.367,-0.024,0.191,0.216,,
10-Apr-17,0,0.427,0.67,0.512,0.502,0.383,0.424,0.524,0.424,0.466,0.552,,0.646,0.676,0.647,0.442,0.376,0.376,0.372,0.072,0.194,0.215,,
11-Apr-17,0,0.448,0.663,0.528,0.511,0.395,0.432,0.527,0.432,0.471,0.561,,0.648,0.669,0.622,0.457,0.411,0.411,0.385,0.078,0.188,0.21,,
12-Apr-17,0,0.486,0.684,0.547,0.567,0.458,0.468,0.553,0.468,0.504,0.579,,0.62,0.685,0.668,0.474,0.436,0.436,0.395,0.13,0.275,0.228,,
13-Apr-17,0,0.444,0.694,0.569,0.564,0.5,0.5,0.577,0.5,0.532,0.6,,0.637,0.696,0.696,0.505,0.437,0.437,0.398,0.094,0.147,0.241,,
14-Apr-17,0,0.434,0.695,0.584,0.579,0.494,0.519,0.593,0.519,0.543,0.6,,0.585,0.698,0.706,0.518,0.432,0.432,0.362,0.027,0.187,0.249,,
15-Apr-17,0,0.432,0.695,0.584,0.579,0.495,0.52,0.595,0.52,0.544,0.599,,0.584,0.698,0.707,0.519,0.431,0.431,0.36,0.029,0.185,0.249,,
16-Apr-17,0,0.424,0.689,0.584,0.574,0.489,0.523,0.596,0.523,0.544,0.6,,0.582,0.686,0.698,0.519,0.429,0.429,0.356,0.016,0.159,0.236,,
17-Apr-17,0,0.404,0.692,0.584,0.573,0.489,0.524,0.594,0.524,0.534,0.596,,0.567,0.686,0.698,0.513,0.434,0.434,0.353,0.017,0.161,0.239,,
18-Apr-17,0,0.403,0.69,0.587,0.575,0.497,0.527,0.594,0.527,0.542,0.6,,0.563,0.688,0.695,0.517,0.436,0.436,0.351,0.024,0.152,0.233,,
19-Apr-17,0,0.417,0.685,0.595,0.576,0.511,0.542,0.613,0.542,0.575,0.598,,0.53,0.701,0.708,0.533,0.449,0.449,0.336,0.071,0.129,0.235,,
20-Apr-17,0,0.416,0.679,0.599,0.589,0.537,0.561,0.623,0.561,0.587,0.606,,0.532,0.701,0.711,0.535,0.462,0.462,0.324,0.065,0.125,0.231,,
21-Apr-17,0,0.39,0.684,0.616,0.598,0.517,0.572,0.635,0.572,0.581,0.609,,0.542,0.708,0.717,0.537,0.458,0.458,0.34,0.04,0.099,0.216,,
22-Apr-17,0,0.388,0.678,0.618,0.619,0.531,0.582,0.652,0.582,0.597,0.614,,0.543,0.717,0.724,0.542,0.451,0.451,0.35,-0.036,0.096,0.212,,
23-Apr-17,0,0.359,0.673,0.629,0.642,0.536,0.595,0.68,0.595,0.607,0.625,,0.557,0.716,0.739,0.534,0.455,0.455,0.347,-0.033,0.086,0.202,,
24-Apr-17,0,0.357,0.649,0.617,0.616,0.533,0.596,0.687,0.596,0.615,0.626,,0.573,0.708,0.741,0.542,0.441,0.441,0.324,-0.055,0.097,0.211,,
25-Apr-17,0,0.353,0.645,0.617,0.62,0.535,0.6,0.692,0.6,0.619,0.629,,0.571,0.705,0.744,0.544,0.438,0.438,0.327,-0.056,0.099,0.203,,
26-Apr-17,0,0.348,0.638,0.607,0.635,0.518,0.595,0.699,0.595,0.614,0.619,,0.582,0.694,0.736,0.55,0.444,0.444,0.332,-0.071,0.109,0.213,,
27-Apr-17,0,0.343,0.636,0.6,0.624,0.523,0.598,0.702,0.598,0.619,0.618,,0.584,0.689,0.741,0.548,0.444,0.444,0.301,-0.069,0.114,0.209,,
28-Apr-17,0,0.34,0.621,0.607,0.645,0.522,0.602,0.713,0.602,0.63,0.627,,0.59,0.678,0.75,0.57,0.432,0.432,0.325,-0.055,0.131,0.216,,
29-Apr-17,0,0.339,0.615,0.602,0.661,0.519,0.604,0.723,0.604,0.624,0.633,,0.555,0.659,0.743,0.571,0.43,0.43,0.328,-0.038,0.137,0.209,,
30-Apr-17,0,0.334,0.595,0.595,0.662,0.523,0.592,0.725,0.592,0.631,0.632,,0.569,0.662,0.743,0.564,0.452,0.452,0.355,-0.045,0.168,0.208,,
1-May-17,0,0.334,0.587,0.584,0.663,0.515,0.585,0.722,0.585,0.621,0.625,,0.556,0.65,0.727,0.559,0.429,0.429,0.365,0.021,0.173,0.209,,
2-May-17,0,0.329,0.577,0.585,0.666,0.514,0.592,0.723,0.592,0.621,0.624,,0.557,0.653,0.73,0.561,0.42,0.42,0.364,0.007,0.176,0.212,,
3-May-17,0,0.328,0.569,0.582,0.658,0.51,0.584,0.724,0.584,0.612,0.623,,0.556,0.644,0.726,0.553,0.421,0.421,0.371,0.022,0.168,0.213,,
4-May-17,0,0.329,0.562,0.582,0.653,0.51,0.582,0.723,0.582,0.612,0.622,,0.553,0.642,0.724,0.552,0.415,0.415,0.37,0.036,0.158,0.213,,
5-May-17,0,0.33,0.548,0.58,0.656,0.514,0.585,0.718,0.585,0.611,0.622,,0.546,0.643,0.725,0.55,0.408,0.408,0.376,0.085,0.171,0.216,,
6-May-17,0,0.323,0.544,0.585,0.653,0.517,0.588,0.715,0.588,0.612,0.619,,0.54,0.649,0.728,0.54,0.391,0.391,0.365,0.083,0.175,0.211,,
7-May-17,0,0.318,0.519,0.593,0.659,0.525,0.59,0.719,0.59,0.615,0.623,,0.525,0.646,0.723,0.542,0.38,0.38,0.393,0.11,0.204,0.211,,
8-May-17,0,0.308,0.494,0.593,0.651,0.522,0.592,0.719,0.592,0.612,0.623,,0.511,0.638,0.718,0.543,0.381,0.381,0.408,0.157,0.212,0.217,,
9-May-17,0,0.303,0.487,0.59,0.641,0.525,0.592,0.714,0.592,0.613,0.621,,0.51,0.635,0.717,0.543,0.37,0.37,0.414,0.158,0.215,0.216,,
10-May-17,0,0.298,0.473,0.596,0.648,0.518,0.586,0.71,0.586,0.602,0.611,,0.496,0.641,0.716,0.541,0.367,0.367,0.404,0.187,0.221,0.22,,
11-May-17,0,0.294,0.468,0.598,0.647,0.52,0.585,0.71,0.585,0.604,0.608,,0.493,0.643,0.713,0.538,0.357,0.357,0.404,0.196,0.225,0.225,,
12-May-17,0,0.281,0.454,0.609,0.643,0.527,0.592,0.704,0.592,0.604,0.615,,0.477,0.651,0.718,0.539,0.358,0.358,0.423,0.192,0.226,0.233,,
13-May-17,0,0.281,0.448,0.615,0.651,0.527,0.588,0.706,0.588,0.599,0.617,,0.471,0.648,0.718,0.535,0.333,0.333,0.435,0.2,0.225,0.239,,
14-May-17,0,0.268,0.428,0.606,0.643,0.525,0.584,0.704,0.584,0.594,0.621,,0.459,0.657,0.719,0.526,0.338,0.338,0.448,0.214,0.229,0.265,,
15-May-17,0,0.258,0.419,0.602,0.648,0.522,0.584,0.699,0.584,0.594,0.622,,0.46,0.676,0.724,0.52,0.349,0.349,0.446,0.218,0.225,0.271,,
16-May-17,0,0.25,0.406,0.614,0.647,0.517,0.588,0.693,0.588,0.587,0.624,,0.46,0.684,0.728,0.518,0.347,0.347,0.451,0.217,0.222,0.241,,
17-May-17,0,0.236,0.391,0.608,0.651,0.523,0.589,0.693,0.589,0.589,0.629,,0.469,0.703,0.742,0.522,0.353,0.353,0.449,0.203,0.225,0.246,,
18-May-17,0,0.236,0.391,0.606,0.654,0.526,0.585,0.692,0.585,0.588,0.629,,0.463,0.704,0.743,0.521,0.356,0.356,0.454,0.204,0.227,0.247,,
19-May-17,0,0.232,0.386,0.604,0.65,0.523,0.586,0.689,0.586,0.592,0.629,,0.465,0.705,0.751,0.527,0.358,0.358,0.468,0.197,0.227,0.251,,
20-May-17,0,0.223,0.38,0.604,0.652,0.522,0.585,0.691,0.585,0.587,0.624,,0.465,0.711,0.756,0.525,0.365,0.365,0.475,0.189,0.23,0.254,,
21-May-17,0,0.216,0.369,0.595,0.646,0.522,0.579,0.69,0.579,0.593,0.622,,0.466,0.713,0.763,0.527,0.376,0.376,0.478,0.18,0.228,0.26,,
22-May-17,0,0.215,0.363,0.594,0.647,0.52,0.575,0.692,0.575,0.591,0.62,,0.463,0.714,0.762,0.531,0.379,0.379,0.493,0.178,0.228,0.266,,
23-May-17,0,0.204,0.346,0.567,0.636,0.513,0.579,0.691,0.579,0.588,0.61,,0.464,0.714,0.763,0.525,0.39,0.39,0.489,0.177,0.226,0.28,,
24-May-17,0,0.204,0.341,0.56,0.634,0.518,0.573,0.692,0.573,0.581,0.609,,0.484,0.719,0.777,0.52,0.401,0.401,0.483,0.174,0.23,0.277,,
25-May-17,0,0.209,0.344,0.567,0.636,0.521,0.58,0.69,0.58,0.587,0.61,,0.486,0.724,0.778,0.524,0.411,0.411,0.476,0.173,0.229,0.281,,
26-May-17,0,0.199,0.339,0.563,0.639,0.529,0.584,0.691,0.584,0.591,0.613,,0.491,0.732,0.787,0.527,0.417,0.417,0.467,0.173,0.229,0.286,,
27-May-17,0,0.196,0.334,0.56,0.638,0.531,0.588,0.692,0.588,0.59,0.614,,0.491,0.734,0.79,0.528,0.419,0.419,0.474,0.172,0.227,0.287,,
28-May-17,0,0.194,0.323,0.548,0.642,0.535,0.586,0.694,0.586,0.597,0.616,,0.491,0.724,0.792,0.53,0.434,0.434,0.465,0.177,0.231,0.291,,
29-May-17,0,0.19,0.325,0.545,0.635,0.538,0.593,0.693,0.593,0.601,0.609,,0.482,0.723,0.79,0.533,0.445,0.445,0.453,0.174,0.238,0.296,,
30-May-17,0,0.188,0.324,0.531,0.635,0.545,0.605,0.697,0.605,0.601,0.611,,0.484,0.709,0.787,0.539,0.465,0.465,0.433,0.177,0.24,0.312,,
31-May-17,0,0.195,0.321,0.529,0.631,0.55,0.603,0.698,0.603,0.599,0.609,,0.49,0.703,0.787,0.547,0.468,0.468,0.433,0.176,0.242,0.319,,
1-Jun-17,0,0.201,0.321,0.516,0.626,0.554,0.603,0.7,0.603,0.603,0.613,,0.495,0.694,0.789,0.548,0.491,0.491,0.421,0.174,0.249,0.329,,
2-Jun-17,0,0.206,0.311,0.52,0.615,0.559,0.609,0.71,0.609,0.609,0.612,,0.49,0.682,0.788,0.547,0.5,0.5,0.418,0.175,0.25,0.338,,
3-Jun-17,0,0.202,0.313,0.529,0.62,0.563,0.614,0.714,0.614,0.61,0.617,,0.489,0.674,0.789,0.557,0.494,0.494,0.415,0.177,0.262,0.348,,
4-Jun-17,0,0.197,0.308,0.529,0.636,0.573,0.62,0.723,0.62,0.604,0.611,,0.488,0.676,0.785,0.559,0.495,0.495,0.405,0.179,0.264,0.358,,
5-Jun-17,0,0.202,0.307,0.538,0.639,0.578,0.619,0.725,0.619,0.608,0.619,,0.496,0.649,0.787,0.569,0.502,0.502,0.395,0.18,0.267,0.364,,
6-Jun-17,0,0.18,0.311,0.546,0.638,0.589,0.625,0.732,0.625,0.606,0.622,,0.495,0.639,0.767,0.573,0.503,0.503,0.387,0.181,0.276,0.375,,
7-Jun-17,0,0.18,0.311,0.558,0.639,0.587,0.62,0.727,0.62,0.598,0.619,,0.493,0.657,0.764,0.578,0.507,0.507,0.382,0.181,0.287,0.362,,
8-Jun-17,0,0.194,0.313,0.582,0.643,0.595,0.616,0.726,0.616,0.597,0.621,,0.499,0.626,0.766,0.582,0.516,0.516,0.376,0.18,0.3,0.369,,
9-Jun-17,0,0.192,0.312,0.592,0.647,0.587,0.606,0.725,0.606,0.591,0.61,,0.49,0.612,0.753,0.578,0.515,0.515,0.364,0.181,0.299,0.38,,
10-Jun-17,0,0.184,0.309,0.582,0.646,0.586,0.597,0.718,0.597,0.586,0.607,,0.492,0.601,0.751,0.583,0.512,0.512,0.358,0.178,0.297,0.39,,
11-Jun-17,0,0.196,0.305,0.595,0.636,0.591,0.598,0.719,0.598,0.584,0.616,,0.495,0.584,0.738,0.587,0.512,0.512,0.351,0.178,0.307,0.402,,
12-Jun-17,0,0.193,0.309,0.618,0.636,0.592,0.597,0.717,0.597,0.584,0.619,,0.499,0.585,0.737,0.588,0.509,0.509,0.345,0.177,0.3,0.409,,
13-Jun-17,0,0.2,0.308,0.628,0.628,0.593,0.596,0.713,0.596,0.581,0.622,,0.509,0.585,0.733,0.584,0.506,0.506,0.339,0.177,0.302,0.439,,
14-Jun-17,0,0.21,0.305,0.612,0.636,0.594,0.594,0.711,0.594,0.579,0.618,,0.516,0.584,0.729,0.571,0.506,0.506,0.341,0.174,0.295,0.438,,
15-Jun-17,0,0.223,0.306,0.639,0.638,0.587,0.595,0.702,0.595,0.572,0.621,,0.53,0.608,0.734,0.567,0.493,0.493,0.342,0.175,0.3,0.459,,
16-Jun-17,0,0.242,0.306,0.638,0.631,0.585,0.597,0.699,0.597,0.57,0.624,,0.521,0.604,0.733,0.567,0.491,0.491,0.345,0.176,0.323,0.454,,
17-Jun-17,0,0.24,0.306,0.64,0.638,0.584,0.601,0.694,0.601,0.572,0.624,,0.514,0.609,0.735,0.558,0.49,0.49,0.343,0.178,0.319,0.444,,
18-Jun-17,0,0.243,0.309,0.638,0.63,0.586,0.6,0.687,0.6,0.572,0.628,,0.522,0.614,0.741,0.554,0.49,0.49,0.347,0.179,0.324,0.456,,
19-Jun-17,0,0.25,0.31,0.639,0.626,0.584,0.597,0.681,0.597,0.57,0.627,,0.522,0.613,0.738,0.546,0.491,0.491,0.349,0.179,0.34,0.461,,
20-Jun-17,0,0.254,0.314,0.635,0.621,0.582,0.598,0.671,0.598,0.574,0.635,,0.527,0.609,0.739,0.543,0.493,0.493,0.354,0.18,0.351,0.47,,
21-Jun-17,0,0.254,0.313,0.634,0.62,0.58,0.6,0.669,0.6,0.573,0.633,,0.526,0.613,0.741,0.542,0.487,0.487,0.357,0.182,0.359,0.475,,
22-Jun-17,0,0.266,0.313,0.635,0.629,0.578,0.597,0.662,0.597,0.573,0.631,,0.533,0.616,0.753,0.536,0.488,0.488,0.361,0.184,0.361,0.496,,
23-Jun-17,0,0.283,0.308,0.642,0.631,0.577,0.596,0.657,0.596,0.571,0.631,,0.536,0.612,0.759,0.529,0.481,0.481,0.367,0.184,0.351,0.511,,
24-Jun-17,0,0.292,0.309,0.642,0.641,0.577,0.596,0.652,0.596,0.577,0.634,,0.539,0.618,0.759,0.524,0.47,0.47,0.38,0.188,0.34,0.514,,
25-Jun-17,0,0.298,0.308,0.639,0.632,0.58,0.599,0.649,0.599,0.576,0.645,,0.535,0.626,0.761,0.524,0.466,0.466,0.389,0.192,0.351,0.532,,
26-Jun-17,0,0.311,0.31,0.641,0.629,0.584,0.6,0.65,0.6,0.583,0.647,,0.53,0.637,0.759,0.523,0.454,0.454,0.399,0.191,0.356,0.535,,
27-Jun-17,0,0.318,0.315,0.639,0.64,0.575,0.59,0.64,0.59,0.578,0.647,,0.524,0.625,0.758,0.512,0.455,0.455,0.401,0.193,0.368,0.557,,
28-Jun-17,0,0.326,0.314,0.646,0.64,0.574,0.588,0.64,0.588,0.577,0.645,,0.523,0.624,0.76,0.507,0.457,0.457,0.404,0.197,0.39,0.547,,
29-Jun-17,0,0.338,0.318,0.653,0.644,0.575,0.583,0.638,0.583,0.579,0.645,,0.517,0.621,0.757,0.501,0.452,0.452,0.408,0.2,0.398,0.549,,
30-Jun-17,0,0.349,0.314,0.648,0.64,0.575,0.583,0.637,0.583,0.582,0.648,,0.512,0.618,0.758,0.509,0.45,0.45,0.411,0.201,0.41,0.559,,
1-Jul-17,0,0.358,0.316,0.653,0.644,0.577,0.582,0.638,0.582,0.583,0.642,,0.501,0.604,0.752,0.507,0.446,0.446,0.414,0.204,0.41,0.558,,
2-Jul-17,0,0.351,0.315,0.657,0.651,0.571,0.575,0.628,0.575,0.578,0.628,,0.501,0.604,0.747,0.502,0.442,0.442,0.418,0.206,0.406,0.566,,
3-Jul-17,0,0.358,0.313,0.657,0.651,0.57,0.575,0.629,0.575,0.575,0.625,,0.497,0.598,0.743,0.5,0.44,0.44,0.422,0.204,0.407,0.583,,
4-Jul-17,0,0.374,0.317,0.658,0.661,0.559,0.563,0.619,0.563,0.567,0.627,,0.494,0.589,0.735,0.499,0.434,0.434,0.422,0.206,0.41,0.583,,
5-Jul-17,0,0.374,0.316,0.652,0.667,0.556,0.56,0.619,0.56,0.568,0.625,,0.498,0.586,0.732,0.499,0.439,0.439,0.425,0.207,0.41,0.583,,
6-Jul-17,0,0.386,0.315,0.653,0.663,0.553,0.552,0.624,0.552,0.565,0.616,,0.49,0.582,0.727,0.499,0.437,0.437,0.423,0.209,0.419,0.597,,
7-Jul-17,0,0.392,0.319,0.654,0.665,0.551,0.552,0.624,0.552,0.562,0.616,,0.486,0.58,0.726,0.495,0.438,0.438,0.427,0.21,0.419,0.599,,
8-Jul-17,0,0.409,0.322,0.649,0.662,0.551,0.552,0.621,0.552,0.556,0.618,,0.486,0.574,0.719,0.487,0.436,0.436,0.436,0.212,0.432,0.597,,
9-Jul-17,0,0.41,0.32,0.641,0.656,0.551,0.553,0.621,0.553,0.555,0.612,,0.489,0.574,0.713,0.485,0.433,0.433,0.445,0.207,0.435,0.6,,
10-Jul-17,0,0.417,0.323,0.644,0.652,0.553,0.556,0.614,0.556,0.547,0.615,,0.486,0.58,0.717,0.486,0.439,0.439,0.453,0.205,0.451,0.601,,
11-Jul-17,0,0.442,0.329,0.641,0.661,0.546,0.542,0.602,0.542,0.542,0.615,,0.489,0.582,0.713,0.484,0.432,0.432,0.459,0.204,0.461,0.609,,
12-Jul-17,0,0.454,0.33,0.642,0.661,0.545,0.538,0.599,0.538,0.538,0.613,,0.503,0.574,0.714,0.483,0.436,0.436,0.461,0.204,0.456,0.627,,
13-Jul-17,0,0.469,0.332,0.641,0.658,0.547,0.539,0.599,0.539,0.539,0.603,,0.511,0.581,0.714,0.485,0.436,0.436,0.473,0.208,0.45,0.632,,
14-Jul-17,0,0.475,0.338,0.639,0.658,0.545,0.538,0.596,0.538,0.538,0.603,,0.513,0.586,0.712,0.486,0.433,0.433,0.48,0.207,0.433,0.656,,
15-Jul-17,0,0.479,0.342,0.634,0.656,0.541,0.534,0.593,0.534,0.535,0.599,,0.52,0.6,0.714,0.489,0.435,0.435,0.485,0.207,0.426,0.664,,
16-Jul-17,0,0.48,0.346,0.634,0.653,0.542,0.53,0.592,0.53,0.535,0.6,,0.531,0.609,0.712,0.481,0.431,0.431,0.483,0.207,0.432,0.653,,
17-Jul-17,0,0.502,0.355,0.626,0.651,0.541,0.516,0.584,0.516,0.536,0.603,,0.538,0.619,0.717,0.48,0.434,0.434,0.495,0.209,0.436,0.676,,
18-Jul-17,0,0.508,0.36,0.618,0.648,0.542,0.514,0.583,0.514,0.538,0.607,,0.55,0.632,0.719,0.477,0.432,0.432,0.498,0.211,0.436,0.692,,
19-Jul-17,0,0.53,0.369,0.61,0.644,0.545,0.515,0.58,0.515,0.539,0.607,,0.575,0.635,0.722,0.478,0.433,0.433,0.504,0.212,0.458,0.689,,
20-Jul-17,0,0.536,0.374,0.606,0.641,0.545,0.525,0.589,0.525,0.546,0.604,,0.579,0.633,0.726,0.476,0.436,0.436,0.513,0.213,0.453,0.682,,
21-Jul-17,0,0.544,0.38,0.605,0.638,0.547,0.524,0.59,0.524,0.544,0.604,,0.578,0.642,0.728,0.476,0.434,0.434,0.515,0.216,0.463,0.685,,
22-Jul-17,0,0.556,0.388,0.603,0.643,0.549,0.528,0.588,0.528,0.541,0.611,,0.588,0.65,0.727,0.468,0.434,0.434,0.526,0.217,0.463,0.677,,
23-Jul-17,0,0.562,0.396,0.598,0.642,0.547,0.525,0.589,0.525,0.541,0.612,,0.591,0.653,0.726,0.466,0.433,0.433,0.528,0.217,0.462,0.681,,
24-Jul-17,0,0.561,0.405,0.603,0.638,0.543,0.522,0.588,0.522,0.546,0.608,,0.591,0.656,0.729,0.471,0.433,0.433,0.533,0.218,0.456,0.687,,
25-Jul-17,0,0.57,0.415,0.598,0.641,0.538,0.517,0.591,0.517,0.551,0.609,,0.59,0.657,0.726,0.47,0.437,0.437,0.53,0.224,0.475,0.686,,
26-Jul-17,0,0.578,0.426,0.594,0.636,0.534,0.51,0.595,0.51,0.556,0.606,,0.596,0.645,0.722,0.468,0.44,0.44,0.536,0.228,0.473,0.68,,
27-Jul-17,0,0.582,0.432,0.588,0.631,0.531,0.523,0.604,0.523,0.557,0.607,,0.594,0.639,0.716,0.468,0.437,0.437,0.543,0.231,0.464,0.663,,
28-Jul-17,0,0.583,0.435,0.583,0.631,0.529,0.524,0.606,0.524,0.556,0.606,,0.589,0.641,0.716,0.461,0.442,0.442,0.548,0.234,0.478,0.638,,
29-Jul-17,0,0.585,0.452,0.582,0.626,0.534,0.529,0.613,0.529,0.561,0.615,,0.58,0.633,0.713,0.461,0.439,0.439,0.562,0.235,0.486,0.634,,
30-Jul-17,0,0.584,0.455,0.581,0.624,0.536,0.529,0.613,0.529,0.561,0.615,,0.58,0.63,0.714,0.459,0.439,0.439,0.562,0.238,0.493,0.629,,
31-Jul-17,0,0.594,0.466,0.58,0.624,0.532,0.531,0.611,0.531,0.56,0.618,,0.574,0.615,0.71,0.456,0.44,0.44,0.569,0.239,0.5,0.633,,
1-Aug-17,0,0.596,0.47,0.581,0.627,0.528,0.53,0.614,0.53,0.563,0.621,,0.564,0.613,0.712,0.458,0.44,0.44,0.564,0.234,0.486,0.629,,
2-Aug-17,0,0.595,0.471,0.579,0.623,0.529,0.541,0.619,0.541,0.567,0.616,,0.565,0.598,0.697,0.456,0.432,0.432,0.559,0.233,0.487,0.607,,
3-Aug-17,0,0.603,0.482,0.575,0.623,0.526,0.547,0.625,0.547,0.568,0.628,,0.559,0.579,0.703,0.449,0.435,0.435,0.566,0.231,0.485,0.625,,
4-Aug-17,0,0.606,0.484,0.58,0.62,0.53,0.538,0.622,0.538,0.579,0.625,,0.542,0.571,0.7,0.455,0.424,0.424,0.571,0.228,0.479,0.613,,
5-Aug-17,0,0.613,0.493,0.581,0.618,0.532,0.529,0.614,0.529,0.574,0.62,,0.534,0.562,0.69,0.454,0.416,0.416,0.571,0.23,0.494,0.635,,
6-Aug-17,0,0.611,0.498,0.582,0.618,0.528,0.531,0.611,0.531,0.573,0.62,,0.534,0.554,0.69,0.456,0.418,0.418,0.575,0.228,0.483,0.635,,
7-Aug-17,0,0.607,0.501,0.579,0.611,0.531,0.528,0.608,0.528,0.575,0.617,,0.528,0.542,0.684,0.461,0.418,0.418,0.577,0.23,0.488,0.641,,
8-Aug-17,0,0.604,0.5,0.581,0.607,0.531,0.529,0.606,0.529,0.575,0.617,,0.531,0.535,0.683,0.462,0.421,0.421,0.574,0.233,0.487,0.637,,
9-Aug-17,0,0.619,0.5,0.579,0.605,0.532,0.53,0.606,0.53,0.572,0.619,,0.527,0.536,0.673,0.46,0.42,0.42,0.572,0.234,0.503,0.624,,
10-Aug-17,0,0.62,0.5,0.581,0.602,0.533,0.533,0.604,0.533,0.564,0.615,,0.527,0.531,0.68,0.46,0.42,0.42,0.573,0.232,0.499,0.622,,
11-Aug-17,0,0.621,0.498,0.579,0.602,0.533,0.535,0.599,0.535,0.563,0.615,,0.527,0.539,0.677,0.461,0.419,0.419,0.572,0.231,0.501,0.617,,
12-Aug-17,0,0.617,0.501,0.581,0.601,0.537,0.529,0.588,0.529,0.563,0.607,,0.535,0.533,0.68,0.458,0.426,0.426,0.576,0.229,0.509,0.628,,
13-Aug-17,0,0.622,0.503,0.585,0.603,0.536,0.529,0.584,0.529,0.562,0.607,,0.538,0.535,0.68,0.46,0.427,0.427,0.568,0.231,0.505,0.632,,
14-Aug-17,0,0.628,0.5,0.583,0.6,0.536,0.528,0.578,0.528,0.559,0.61,,0.548,0.544,0.679,0.457,0.428,0.428,0.566,0.232,0.496,0.627,,
15-Aug-17,0,0.631,0.502,0.583,0.6,0.535,0.526,0.579,0.526,0.559,0.61,,0.55,0.547,0.679,0.459,0.43,0.43,0.567,0.232,0.493,0.626,,
16-Aug-17,0,0.63,0.501,0.584,0.598,0.539,0.525,0.578,0.525,0.56,0.608,,0.557,0.554,0.685,0.455,0.428,0.428,0.561,0.234,0.488,0.616,,
17-Aug-17,0,0.63,0.498,0.581,0.6,0.542,0.531,0.577,0.531,0.557,0.605,,0.565,0.551,0.683,0.46,0.431,0.431,0.57,0.237,0.494,0.617,,
18-Aug-17,0,0.634,0.501,0.578,0.599,0.535,0.526,0.567,0.526,0.551,0.601,,0.564,0.554,0.697,0.462,0.442,0.442,0.573,0.238,0.501,0.627,,
19-Aug-17,0,0.639,0.499,0.583,0.599,0.528,0.51,0.565,0.51,0.558,0.599,,0.558,0.572,0.693,0.463,0.441,0.441,0.555,0.239,0.502,0.62,,
20-Aug-17,0,0.637,0.5,0.584,0.601,0.517,0.509,0.568,0.509,0.551,0.596,,0.567,0.577,0.692,0.465,0.453,0.453,0.545,0.246,0.51,0.63,,
21-Aug-17,0,0.628,0.495,0.587,0.591,0.523,0.512,0.57,0.512,0.553,0.596,,0.564,0.598,0.704,0.461,0.461,0.461,0.536,0.242,0.491,0.624,,
22-Aug-17,0,0.634,0.497,0.585,0.587,0.523,0.513,0.568,0.513,0.556,0.595,,0.561,0.602,0.702,0.455,0.454,0.454,0.524,0.241,0.486,0.619,,
23-Aug-17,0,0.639,0.495,0.582,0.592,0.515,0.508,0.562,0.508,0.551,0.595,,0.554,0.612,0.711,0.453,0.454,0.454,0.514,0.239,0.474,0.607,,
24-Aug-17,0,0.64,0.495,0.581,0.592,0.515,0.506,0.561,0.506,0.55,0.594,,0.55,0.617,0.711,0.456,0.452,0.452,0.509,0.238,0.474,0.597,,
25-Aug-17,0,0.636,0.496,0.58,0.592,0.51,0.506,0.558,0.506,0.546,0.591,,0.548,0.615,0.718,0.454,0.451,0.451,0.499,0.237,0.461,0.6,,
26-Aug-17,0,0.636,0.498,0.578,0.589,0.51,0.507,0.553,0.507,0.55,0.592,,0.544,0.617,0.713,0.453,0.448,0.448,0.492,0.234,0.458,0.609,,
27-Aug-17,0,0.638,0.505,0.579,0.585,0.503,0.501,0.553,0.501,0.537,0.589,,0.537,0.614,0.716,0.448,0.446,0.446,0.476,0.232,0.453,0.618,,
28-Aug-17,0,0.643,0.509,0.578,0.577,0.502,0.499,0.561,0.499,0.543,0.59,,0.536,0.618,0.721,0.449,0.448,0.448,0.456,0.229,0.453,0.61,,
29-Aug-17,0,0.639,0.505,0.568,0.566,0.504,0.497,0.565,0.497,0.544,0.588,,0.526,0.628,0.722,0.445,0.442,0.442,0.456,0.225,0.458,0.599,,
30-Aug-17,0,0.634,0.499,0.567,0.569,0.495,0.488,0.561,0.488,0.547,0.58,,0.51,0.626,0.721,0.45,0.443,0.443,0.44,0.222,0.457,0.577,,
31-Aug-17,0,0.626,0.491,0.565,0.57,0.494,0.49,0.559,0.49,0.546,0.58,,0.5,0.62,0.721,0.449,0.44,0.44,0.436,0.224,0.461,0.572,,
1-Sep-17,0,0.62,0.48,0.553,0.565,0.485,0.486,0.557,0.486,0.535,0.578,,0.485,0.614,0.704,0.45,0.438,0.438,0.427,0.223,0.457,0.561,,
2-Sep-17,0,0.623,0.473,0.553,0.57,0.487,0.483,0.559,0.483,0.538,0.58,,0.48,0.617,0.706,0.447,0.445,0.445,0.432,0.223,0.455,0.564,,
3-Sep-17,0,0.614,0.464,0.555,0.564,0.491,0.481,0.564,0.481,0.535,0.584,,0.471,0.621,0.688,0.438,0.434,0.434,0.409,0.219,0.433,0.536,,
4-Sep-17,0,0.596,0.455,0.549,0.562,0.502,0.494,0.554,0.494,0.528,0.578,,0.469,0.594,0.675,0.439,0.42,0.42,0.42,0.217,0.412,0.51,,
5-Sep-17,0,0.599,0.453,0.557,0.567,0.512,0.503,0.557,0.503,0.528,0.577,,0.464,0.587,0.671,0.442,0.421,0.421,0.417,0.22,0.404,0.518,,
6-Sep-17,0,0.609,0.446,0.539,0.57,0.496,0.483,0.544,0.483,0.518,0.574,,0.467,0.557,0.653,0.44,0.404,0.404,0.414,0.221,0.408,0.512,,
7-Sep-17,0,0.595,0.428,0.529,0.571,0.494,0.476,0.541,0.476,0.514,0.572,,0.464,0.547,0.648,0.447,0.409,0.409,0.417,0.221,0.411,0.521,,
8-Sep-17,0,0.57,0.413,0.516,0.569,0.492,0.471,0.538,0.471,0.516,0.565,,0.465,0.522,0.634,0.442,0.403,0.403,0.403,0.224,0.399,0.518,,
9-Sep-17,0,0.576,0.399,0.509,0.565,0.486,0.471,0.529,0.471,0.516,0.564,,0.467,0.513,0.63,0.439,0.394,0.394,0.408,0.228,0.393,0.527,,
10-Sep-17,0,0.579,0.397,0.509,0.563,0.49,0.47,0.529,0.47,0.514,0.562,,0.474,0.516,0.631,0.441,0.392,0.392,0.414,0.228,0.395,0.522,,
11-Sep-17,0,0.579,0.396,0.508,0.563,0.491,0.469,0.529,0.469,0.513,0.561,,0.475,0.516,0.63,0.442,0.392,0.392,0.415,0.231,0.395,0.523,,
12-Sep-17,0,0.573,0.378,0.51,0.565,0.494,0.471,0.521,0.471,0.516,0.568,,0.481,0.519,0.631,0.445,0.398,0.398,0.426,0.232,0.399,0.521,,
13-Sep-17,0,0.573,0.378,0.51,0.566,0.494,0.47,0.52,0.47,0.515,0.568,,0.482,0.519,0.626,0.446,0.399,0.399,0.428,0.232,0.4,0.511,,
14-Sep-17,0,0.568,0.379,0.512,0.565,0.49,0.471,0.52,0.471,0.515,0.568,,0.487,0.522,0.63,0.442,0.405,0.405,0.436,0.232,0.393,0.514,,
15-Sep-17,0,0.556,0.368,0.504,0.561,0.491,0.47,0.511,0.47,0.504,0.566,,0.483,0.523,0.625,0.443,0.402,0.402,0.428,0.23,0.38,0.516,,
16-Sep-17,0,0.552,0.361,0.505,0.562,0.493,0.47,0.512,0.47,0.504,0.565,,0.483,0.525,0.625,0.442,0.402,0.402,0.43,0.23,0.378,0.516,,
17-Sep-17,0,0.552,0.357,0.505,0.56,0.492,0.468,0.508,0.468,0.504,0.56,,0.486,0.527,0.618,0.446,0.398,0.398,0.436,0.228,0.376,0.514,,
18-Sep-17,0,0.543,0.356,0.504,0.557,0.494,0.472,0.505,0.472,0.5,0.558,,0.488,0.526,0.615,0.449,0.395,0.395,0.441,0.233,0.378,0.514,,
19-Sep-17,0,0.545,0.332,0.503,0.558,0.492,0.46,0.493,0.46,0.494,0.555,,0.48,0.531,0.619,0.445,0.4,0.4,0.453,0.232,0.376,0.522,,
20-Sep-17,0,0.535,0.328,0.498,0.555,0.492,0.454,0.484,0.454,0.488,0.548,,0.482,0.542,0.617,0.442,0.403,0.403,0.454,0.231,0.374,0.516,,
21-Sep-17,0,0.53,0.323,0.487,0.555,0.483,0.452,0.489,0.452,0.489,0.542,,0.481,0.556,0.617,0.439,0.4,0.4,0.472,0.227,0.365,0.504,,
22-Sep-17,0,0.522,0.324,0.488,0.554,0.49,0.456,0.49,0.456,0.488,0.539,,0.472,0.573,0.619,0.439,0.404,0.404,0.479,0.225,0.365,0.499,,
23-Sep-17,0,0.521,0.324,0.49,0.555,0.49,0.456,0.49,0.456,0.487,0.537,,0.465,0.575,0.618,0.44,0.404,0.404,0.479,0.224,0.367,0.498,,
24-Sep-17,0,0.515,0.32,0.493,0.55,0.482,0.452,0.482,0.452,0.477,0.539,,0.452,0.589,0.616,0.437,0.402,0.402,0.487,0.219,0.366,0.481,,
25-Sep-17,0,0.513,0.322,0.494,0.55,0.482,0.45,0.483,0.45,0.476,0.539,,0.447,0.59,0.617,0.437,0.402,0.402,0.487,0.218,0.367,0.481,,
26-Sep-17,0,0.498,0.32,0.488,0.553,0.474,0.448,0.475,0.448,0.48,0.538,,0.431,0.597,0.619,0.433,0.402,0.402,0.485,0.213,0.356,0.478,,
27-Sep-17,0,0.498,0.317,0.493,0.555,0.469,0.441,0.476,0.441,0.477,0.532,,0.424,0.606,0.623,0.432,0.403,0.403,0.486,0.215,0.355,0.479,,
28-Sep-17,0,0.485,0.32,0.491,0.551,0.458,0.436,0.484,0.436,0.478,0.527,,0.409,0.615,0.626,0.428,0.395,0.395,0.475,0.212,0.344,0.468,,
29-Sep-17,0,0.479,0.319,0.49,0.553,0.457,0.433,0.479,0.433,0.475,0.523,,0.4,0.619,0.635,0.426,0.394,0.394,0.48,0.21,0.34,0.464,,
30-Sep-17,0,0.48,0.313,0.481,0.553,0.461,0.428,0.484,0.428,0.471,0.518,,0.392,0.624,0.631,0.432,0.393,0.393,0.468,0.216,0.342,0.461,,
1-Oct-17,0,0.46,0.305,0.477,0.546,0.456,0.42,0.483,0.42,0.464,0.514,,0.387,0.625,0.622,0.426,0.384,0.384,0.471,0.213,0.34,0.446,,
2-Oct-17,0,0.458,0.305,0.475,0.544,0.452,0.418,0.48,0.418,0.463,0.514,,0.381,0.625,0.622,0.425,0.386,0.386,0.467,0.212,0.338,0.435,,
3-Oct-17,0,0.446,0.297,0.474,0.545,0.449,0.413,0.475,0.413,0.459,0.514,,0.373,0.631,0.627,0.419,0.378,0.378,0.457,0.21,0.323,0.428,,
4-Oct-17,0,0.446,0.295,0.475,0.546,0.449,0.415,0.478,0.415,0.455,0.515,,0.37,0.631,0.629,0.42,0.378,0.378,0.459,0.211,0.323,0.428,,
5-Oct-17,0,0.427,0.289,0.469,0.542,0.445,0.412,0.473,0.412,0.45,0.513,,0.362,0.63,0.626,0.418,0.374,0.374,0.46,0.21,0.314,0.409,,
6-Oct-17,0,0.414,0.279,0.477,0.543,0.439,0.402,0.479,0.402,0.444,0.515,,0.356,0.625,0.625,0.415,0.378,0.378,0.45,0.21,0.316,0.407,,
7-Oct-17,0,0.408,0.287,0.496,0.549,0.446,0.396,0.479,0.396,0.429,0.519,,0.355,0.62,0.618,0.42,0.384,0.384,0.435,0.216,0.329,0.387,,
8-Oct-17,0,0.398,0.286,0.495,0.541,0.444,0.396,0.477,0.396,0.428,0.514,,0.356,0.605,0.606,0.414,0.384,0.384,0.423,0.215,0.327,0.382,,
9-Oct-17,0,0.392,0.283,0.494,0.537,0.445,0.396,0.477,0.396,0.427,0.514,,0.36,0.603,0.604,0.413,0.384,0.384,0.421,0.215,0.318,0.375,,
10-Oct-17,0,0.373,0.279,0.501,0.539,0.446,0.401,0.483,0.401,0.431,0.511,,0.359,0.594,0.598,0.408,0.379,0.379,0.409,0.214,0.304,0.359,,
11-Oct-17,0,0.37,0.277,0.501,0.539,0.445,0.402,0.481,0.402,0.429,0.511,,0.364,0.592,0.595,0.409,0.38,0.38,0.408,0.214,0.304,0.358,,
12-Oct-17,0,0.358,0.268,0.506,0.532,0.441,0.395,0.476,0.395,0.41,0.508,,0.359,0.585,0.584,0.404,0.376,0.376,0.398,0.214,0.302,0.333,,
13-Oct-17,0,0.348,0.269,0.5,0.529,0.447,0.399,0.477,0.399,0.408,0.51,,0.367,0.578,0.575,0.404,0.371,0.371,0.393,0.212,0.308,0.338,,
14-Oct-17,0,0.347,0.266,0.505,0.527,0.449,0.385,0.473,0.385,0.399,0.509,,0.375,0.567,0.564,0.4,0.37,0.37,0.401,0.212,0.31,0.347,,
15-Oct-17,0,0.337,0.271,0.501,0.523,0.452,0.382,0.48,0.382,0.394,0.517,,0.383,0.551,0.551,0.401,0.373,0.373,0.382,0.213,0.305,0.329,,
16-Oct-17,0,0.332,0.279,0.517,0.517,0.44,0.374,0.479,0.374,0.406,0.533,,0.389,0.537,0.557,0.403,0.378,0.378,0.399,0.216,0.313,0.299,,
17-Oct-17,0,0.329,0.278,0.525,0.534,0.431,0.367,0.491,0.367,0.421,0.534,,0.399,0.523,0.558,0.407,0.393,0.393,0.394,0.214,0.302,0.303,,
18-Oct-17,0,0.323,0.281,0.522,0.533,0.432,0.367,0.494,0.367,0.423,0.532,,0.404,0.518,0.558,0.41,0.394,0.394,0.395,0.217,0.296,0.297,,
19-Oct-17,0,0.322,0.274,0.527,0.54,0.435,0.383,0.505,0.383,0.423,0.538,,0.415,0.509,0.562,0.423,0.408,0.408,0.4,0.215,0.294,0.289,,
20-Oct-17,0,0.318,0.276,0.524,0.54,0.435,0.384,0.508,0.384,0.424,0.544,,0.412,0.508,0.561,0.423,0.409,0.409,0.401,0.221,0.283,0.297,,
21-Oct-17,0,0.313,0.293,0.528,0.545,0.427,0.391,0.531,0.391,0.438,0.549,,0.447,0.505,0.555,0.423,0.405,0.405,0.399,0.218,0.281,0.289,,
22-Oct-17,0,0.31,0.295,0.528,0.543,0.427,0.397,0.536,0.397,0.442,0.539,,0.441,0.51,0.556,0.427,0.408,0.408,0.405,0.219,0.282,0.28,,
23-Oct-17,0,0.308,0.293,0.524,0.538,0.42,0.403,0.536,0.403,0.449,0.533,,0.443,0.507,0.558,0.427,0.411,0.411,0.414,0.221,0.258,0.277,,
24-Oct-17,0,0.307,0.285,0.534,0.551,0.412,0.416,0.557,0.416,0.457,0.547,,0.462,0.509,0.58,0.441,0.417,0.417,0.435,0.219,0.258,0.273,,
25-Oct-17,0,0.308,0.285,0.534,0.552,0.413,0.417,0.558,0.417,0.456,0.547,,0.465,0.511,0.58,0.442,0.418,0.418,0.435,0.219,0.254,0.272,,
26-Oct-17,0,0.303,0.281,0.534,0.552,0.413,0.418,0.557,0.418,0.456,0.548,,0.483,0.523,0.581,0.442,0.418,0.418,0.436,0.22,0.254,0.271,,
27-Oct-17,0,0.3,0.282,0.535,0.553,0.415,0.42,0.559,0.42,0.457,0.549,,0.485,0.523,0.582,0.444,0.42,0.42,0.439,0.223,0.244,0.271,,
28-Oct-17,0,0.3,0.282,0.534,0.552,0.415,0.421,0.558,0.421,0.457,0.549,,0.486,0.523,0.582,0.444,0.42,0.42,0.439,0.223,0.243,0.269,,
29-Oct-17,0,0.301,0.275,0.537,0.555,0.413,0.416,0.554,0.416,0.455,0.55,,0.482,0.523,0.582,0.444,0.422,0.422,0.438,0.235,0.237,0.241,,
30-Oct-17,0,0.3,0.272,0.527,0.557,0.415,0.422,0.55,0.422,0.467,0.558,,0.459,0.525,0.582,0.448,0.43,0.43,0.438,0.233,0.234,0.225,,
31-Oct-17,0,0.295,0.267,0.526,0.565,0.423,0.424,0.562,0.424,0.477,0.562,,0.463,0.531,0.588,0.448,0.431,0.431,0.442,0.232,0.233,0.227,,
1-Nov-17,0,0.283,0.266,0.518,0.564,0.425,0.429,0.559,0.429,0.467,0.558,,0.457,0.537,0.588,0.446,0.429,0.429,0.441,0.234,0.241,0.222,,
2-Nov-17,0,0.284,0.268,0.51,0.568,0.424,0.438,0.557,0.438,0.474,0.571,,0.465,0.547,0.604,0.447,0.426,0.426,0.45,0.234,0.229,0.214,,
3-Nov-17,0,0.287,0.266,0.509,0.567,0.427,0.441,0.557,0.441,0.477,0.573,,0.462,0.549,0.604,0.445,0.426,0.426,0.451,0.233,0.243,0.211,,
4-Nov-17,0,0.292,0.268,0.506,0.568,0.434,0.44,0.552,0.44,0.496,0.575,,0.466,0.575,0.622,0.44,0.423,0.423,0.46,0.231,0.238,0.22,,
5-Nov-17,0,0.301,0.26,0.509,0.564,0.435,0.445,0.545,0.445,0.504,0.573,,0.48,0.572,0.62,0.443,0.427,0.427,0.464,0.229,0.236,0.214,,
6-Nov-17,0,0.323,0.203,0.506,0.567,0.449,0.449,0.544,0.449,0.519,0.568,,0.421,0.581,0.639,0.447,0.442,0.442,0.454,0.235,0.23,0.221,,
7-Nov-17,0,0.309,0.234,0.503,0.574,0.452,0.447,0.531,0.447,0.529,0.596,,0.436,0.581,0.633,0.442,0.442,0.442,0.448,0.317,0.229,0.22,,
8-Nov-17,0,0.309,0.238,0.502,0.573,0.451,0.444,0.528,0.444,0.528,0.593,,0.44,0.58,0.63,0.441,0.44,0.44,0.448,0.318,0.23,0.221,,
9-Nov-17,0,0.317,0.219,0.554,0.594,0.515,0.432,0.512,0.432,0.554,0.604,,0.44,0.64,0.636,0.438,0.443,0.443,0.455,0.298,0.244,0.225,,
10-Nov-17,0,0.361,0.302,0.514,0.592,0.516,0.432,0.513,0.432,0.545,0.585,,0.491,0.619,0.611,0.458,0.44,0.44,0.449,0.296,0.234,0.23,,
11-Nov-17,0,0.338,0.276,0.516,0.589,0.474,0.427,0.521,0.427,0.525,0.568,,0.56,0.632,0.622,0.449,0.463,0.463,0.454,0.292,0.235,0.213,,
12-Nov-17,0,0.337,0.278,0.517,0.588,0.474,0.427,0.521,0.427,0.524,0.567,,0.563,0.632,0.621,0.449,0.464,0.464,0.453,0.291,0.235,0.212,,
13-Nov-17,0,0.336,0.279,0.517,0.588,0.472,0.428,0.522,0.428,0.523,0.566,,0.566,0.632,0.621,0.45,0.465,0.465,0.453,0.288,0.235,0.211,,
14-Nov-17,0,0.312,0.299,0.559,0.582,0.478,0.446,0.525,0.446,0.537,0.574,,0.642,0.646,0.625,0.461,0.468,0.468,0.457,0.222,0.241,0.202,,
15-Nov-17,0,0.292,0.316,0.579,0.588,0.449,0.445,0.541,0.445,0.5,0.565,,0.626,0.64,0.626,0.462,0.467,0.467,0.447,0.211,0.25,0.187,,
16-Nov-17,0,0.274,0.324,0.555,0.576,0.459,0.446,0.535,0.446,0.484,0.567,,0.662,0.654,0.627,0.455,0.496,0.496,0.473,0.225,0.237,0.146,,
17-Nov-17,0,0.274,0.324,0.556,0.576,0.459,0.447,0.535,0.447,0.484,0.566,,0.663,0.654,0.628,0.457,0.498,0.498,0.474,0.225,0.237,0.144,,
18-Nov-17,0,0.272,0.324,0.556,0.576,0.459,0.448,0.536,0.448,0.484,0.565,,0.663,0.654,0.629,0.458,0.5,0.5,0.474,0.225,0.236,0.141,,
19-Nov-17,0,0.274,0.323,0.556,0.576,0.46,0.448,0.535,0.448,0.485,0.564,,0.663,0.653,0.628,0.459,0.499,0.499,0.474,0.225,0.235,0.139,,
20-Nov-17,0,0.261,0.343,0.549,0.567,0.449,0.44,0.533,0.44,0.478,0.563,,0.665,0.644,0.615,0.464,0.507,0.507,0.472,0.245,0.241,0.086,,
21-Nov-17,0,0.277,0.338,0.547,0.567,0.414,0.431,0.528,0.431,0.451,0.591,,0.647,0.644,0.612,0.494,0.519,0.519,0.454,0.245,0.317,0.132,,
22-Nov-17,0,0.294,0.343,0.547,0.578,0.415,0.419,0.505,0.419,0.44,0.514,,0.695,0.632,0.606,0.491,0.501,0.501,0.469,0.238,0.317,0.164,,
23-Nov-17,0,0.304,0.349,0.557,0.579,0.417,0.434,0.516,0.434,0.43,0.507,,0.687,0.638,0.623,0.508,0.521,0.521,0.487,0.258,0.226,0.1,,
24-Nov-17,0,0.307,0.351,0.557,0.579,0.417,0.433,0.514,0.433,0.429,0.507,,0.687,0.637,0.621,0.508,0.52,0.52,0.488,0.258,0.226,0.102,,
25-Nov-17,0,0.31,0.352,0.558,0.579,0.418,0.433,0.513,0.433,0.429,0.507,,0.686,0.636,0.62,0.508,0.519,0.519,0.488,0.259,0.225,0.104,,
26-Nov-17,0,0.331,0.348,0.568,0.571,0.415,0.425,0.493,0.425,0.438,0.491,,0.69,0.615,0.607,0.505,0.522,0.522,0.481,0.249,0.221,0.089,,
27-Nov-17,0,0.352,0.412,0.563,0.562,0.401,0.389,0.433,0.389,0.421,0.477,,0.681,0.595,0.552,0.499,0.478,0.478,0.498,0.229,0.226,0.09,,
28-Nov-17,0,0.337,0.417,0.558,0.537,0.404,0.388,0.422,0.388,0.409,0.471,,0.687,0.587,0.546,0.494,0.478,0.478,0.501,0.229,0.194,0.093,,
29-Nov-17,0,0.327,0.451,0.561,0.547,0.41,0.386,0.441,0.386,0.42,0.479,,0.668,0.592,0.55,0.493,0.482,0.482,0.492,0.215,0.194,0.096,,
30-Nov-17,0,0.316,0.44,0.56,0.533,0.397,0.384,0.446,0.384,0.415,0.475,,0.652,0.582,0.537,0.489,0.479,0.479,0.483,0.215,0.168,0.138,,
1-Dec-17,0,0.314,0.441,0.563,0.51,0.399,0.38,0.452,0.38,0.417,0.477,,0.633,0.581,0.523,0.485,0.473,0.473,0.472,0.208,0.172,0.138,,
2-Dec-17,0,0.313,0.441,0.563,0.51,0.399,0.38,0.452,0.38,0.418,0.478,,0.632,0.581,0.522,0.485,0.474,0.474,0.472,0.208,0.235,0.149,,
3-Dec-17,0,0.303,0.447,0.564,0.516,0.405,0.387,0.464,0.387,0.428,0.49,,0.623,0.589,0.518,0.484,0.474,0.474,0.471,0.224,0.244,0.15,,
4-Dec-17,0,0.305,0.464,0.563,0.503,0.399,0.386,0.463,0.386,0.428,0.485,,0.596,0.584,0.519,0.482,0.473,0.473,0.467,0.22,0.235,0.205,,
5-Dec-17,Day of,0.304,0.465,0.563,0.501,0.399,0.385,0.464,0.385,0.428,0.482,,0.594,0.581,0.517,0.481,0.473,0.473,0.463,0.22,0.236,0.205,,
6-Dec-17,1,0.303,0.467,0.56,0.485,0.386,0.378,0.469,0.378,0.429,0.487,,0.579,0.568,0.506,0.474,0.461,0.461,0.457,0.215,0.219,0.222,,
7-Dec-17,1,0.293,0.468,0.564,0.483,0.388,0.379,0.474,0.379,0.432,0.489,,0.576,0.571,0.501,0.471,0.447,0.447,0.451,0.216,0.213,0.223,,
8-Dec-17,1,0.284,0.469,0.563,0.485,0.387,0.376,0.478,0.376,0.435,0.493,,0.553,0.569,0.486,0.471,0.448,0.448,0.436,0.216,0.214,0.212,,
9-Dec-17,1,0.277,0.485,0.556,0.486,0.388,0.376,0.465,0.376,0.43,0.486,,0.542,0.554,0.474,0.469,0.445,0.445,0.432,0.21,0.217,0.212,,
10-Dec-17,1,0.281,0.493,0.555,0.48,0.388,0.375,0.469,0.375,0.433,0.487,,0.526,0.547,0.47,0.474,0.458,0.458,0.45,0.208,0.238,0.173,,
11-Dec-17,1,0.281,0.489,0.554,0.483,0.378,0.368,0.454,0.368,0.423,0.474,,0.517,0.543,0.458,0.47,0.458,0.458,0.45,0.2,0.237,0.171,,
12-Dec-17,1,0.281,0.49,0.553,0.481,0.376,0.367,0.452,0.367,0.421,0.47,,0.508,0.545,0.457,0.47,0.458,0.458,0.45,0.197,0.262,0.171,,
13-Dec-17,1,0.273,0.517,0.557,0.473,0.369,0.365,0.456,0.365,0.414,0.477,,0.513,0.529,0.444,0.471,0.462,0.462,0.44,0.191,0.252,0.171,,
14-Dec-17,1,0.273,0.518,0.556,0.474,0.369,0.365,0.454,0.365,0.414,0.478,,0.508,0.529,0.445,0.471,0.463,0.463,0.438,0.191,0.256,0.171,,
15-Dec-17,1,0.272,0.521,0.556,0.451,0.357,0.361,0.441,0.361,0.406,0.474,,0.506,0.516,0.424,0.468,0.46,0.46,0.438,0.187,0.256,0.171,,
16-Dec-17,1,0.274,0.529,0.555,0.459,0.362,0.363,0.441,0.363,0.411,0.476,,0.499,0.516,0.425,0.468,0.46,0.46,0.436,0.191,0.263,0.17,,
17-Dec-17,1,0.277,0.539,0.553,0.468,0.355,0.363,0.436,0.363,0.407,0.472,,0.494,0.506,0.422,0.467,0.462,0.462,0.437,0.187,0.263,0.169,,
18-Dec-17,1,0.276,0.539,0.553,0.468,0.354,0.363,0.435,0.363,0.406,0.472,,0.495,0.507,0.422,0.467,0.462,0.462,0.437,0.186,0.26,-0.048,,
19-Dec-17,1,0.279,0.547,0.545,0.472,0.359,0.366,0.422,0.366,0.409,0.472,,0.504,0.507,0.424,0.468,0.465,0.465,0.435,0.185,0.274,0.043,,
20-Dec-17,1,0.285,0.561,0.536,0.459,0.363,0.361,0.417,0.361,0.401,0.478,,0.502,0.487,0.398,0.467,0.462,0.462,0.433,0.185,0.277,0.025,,
21-Dec-17,1,0.285,0.562,0.53,0.461,0.363,0.36,0.416,0.36,0.4,0.478,,0.497,0.485,0.396,0.466,0.462,0.462,0.434,0.183,0.274,0.028,,
22-Dec-17,1,0.27,0.582,0.508,0.444,0.34,0.353,0.397,0.353,0.388,0.47,,0.502,0.492,0.391,0.471,0.473,0.473,0.433,0.176,0.274,0.033,,
23-Dec-17,1,0.272,0.582,0.506,0.443,0.338,0.355,0.396,0.355,0.388,0.472,,0.501,0.492,0.391,0.474,0.473,0.473,0.434,0.174,0.274,0.036,,
24-Dec-17,1,0.272,0.582,0.505,0.441,0.337,0.355,0.396,0.355,0.388,0.472,,0.501,0.492,0.39,0.474,0.473,0.473,0.433,0.175,0.276,0.04,,
25-Dec-17,1,0.282,0.571,0.505,0.435,0.338,0.338,0.404,0.338,0.372,0.45,,0.508,0.497,0.391,0.479,0.478,0.478,0.432,0.186,0.26,0.041,,
26-Dec-17,1,0.281,0.581,0.508,0.437,0.347,0.326,0.385,0.326,0.367,0.448,,0.531,0.485,0.389,0.476,0.471,0.471,0.421,0.188,0.261,0.124,,
27-Dec-17,1,0.283,0.594,0.497,0.413,0.353,0.328,0.395,0.328,0.37,0.455,,0.56,0.475,0.39,0.478,0.472,0.472,0.419,0.215,0.261,0.123,,
28-Dec-17,1,0.283,0.594,0.495,0.412,0.352,0.328,0.395,0.328,0.369,0.454,,0.561,0.476,0.39,0.477,0.472,0.472,0.43,0.216,0.261,0.122,,
29-Dec-17,1,0.313,0.587,0.462,0.386,0.346,0.315,0.383,0.315,0.36,0.439,,0.536,0.468,0.378,0.473,0.464,0.464,0.43,0.216,0.26,0.121,,
30-Dec-17,1,0.285,0.587,0.463,0.386,0.346,0.314,0.383,0.314,0.351,0.432,,0.535,0.449,0.37,0.468,0.461,0.461,0.432,0.215,0.258,0.12,,
31-Dec-17,1,0.284,0.587,0.464,0.385,0.347,0.313,0.383,0.313,0.351,0.43,,0.535,0.448,0.37,0.467,0.461,0.461,0.432,0.215,0.256,0.119,,
1-Jan-18,1,0.284,0.587,0.466,0.385,0.348,0.312,0.383,0.312,0.35,0.428,,0.535,0.448,0.369,0.467,0.46,0.46,0.432,0.215,0.255,0.118,,
2-Jan-18,1,0.284,0.588,0.466,0.385,0.348,0.313,0.382,0.313,0.351,0.428,,0.535,0.447,0.369,0.466,0.46,0.46,0.432,0.215,0.255,0.119,,
3-Jan-18,1,0.284,0.588,0.466,0.385,0.348,0.312,0.383,0.312,0.351,0.429,,0.498,0.452,0.371,0.466,0.46,0.46,0.439,0.215,0.255,0.118,,
4-Jan-18,1,0.293,0.595,0.47,0.364,0.422,0.308,0.388,0.308,0.349,0.389,,0.519,0.462,0.367,0.458,0.453,0.453,0.441,0.218,0.147,0.098,,
5-Jan-18,1,0.278,0.583,0.466,0.372,0.314,0.293,0.377,0.293,0.339,0.357,,0.549,0.474,0.365,0.459,0.438,0.438,0.445,0.218,0.147,0.098,,
6-Jan-18,1,0.277,0.584,0.466,0.372,0.314,0.292,0.377,0.292,0.339,0.357,,0.55,0.474,0.361,0.454,0.404,0.404,0.445,0.215,0.166,0.098,,
7-Jan-18,1,0.277,0.585,0.496,0.374,,0.292,0.377,0.292,0.339,0.357,,0.524,0.435,0.368,0.431,0.476,0.476,0.449,0.202,0.165,0.097,,
8-Jan-18,1,0.277,0.585,0.496,0.374,,0.292,0.377,0.292,0.338,0.356,,0.525,0.437,0.368,0.432,0.479,0.479,0.449,0.202,0.165,0.097,,
9-Jan-18,1,0.277,0.585,0.496,0.374,,0.291,0.377,0.291,0.338,0.357,,0.526,0.439,0.369,0.432,0.481,0.481,0.45,0.203,0.165,0.097,,
10-Jan-18,1,,,,,,,,,,,,0.543,0.44,0.369,0.432,0.484,0.484,0.45,,,,,
11-Jan-18,1,,,,,,,,,,,,,,,,,,0.467,,,,,
12-Jan-18,1,,,0.69,0.444,0.391,0.375,0.414,0.375,0.385,0.424,,0.64,0.48,0.417,0.515,0.61,0.61,0.536,0.238,,,,
13-Jan-18,1,0.458,0.63,0.638,0.509,0.378,0.364,0.462,0.364,0.407,0.495,,0.624,0.521,0.444,0.537,0.583,0.583,0.526,0.295,,,,
14-Jan-18,1,0.458,0.63,0.639,0.509,0.378,0.363,0.463,0.363,0.406,0.494,,0.625,0.521,0.444,0.538,0.582,0.582,0.526,0.295,,,,
15-Jan-18,1,0.457,0.63,0.639,0.509,0.378,0.363,0.463,0.363,0.406,0.494,,0.626,0.522,0.444,0.539,0.582,0.582,0.526,0.295,,,,
16-Jan-18,1,0.457,0.631,0.639,0.509,0.378,0.377,0.463,0.377,0.406,0.494,,0.626,0.522,0.444,0.54,0.581,0.581,0.526,0.296,,,,
17-Jan-18,1,0.457,0.63,0.639,0.509,0.378,0.377,0.463,0.377,0.406,0.494,,0.627,0.522,0.444,0.541,0.58,0.58,0.527,0.296,,,,
18-Jan-18,1,0.457,0.631,0.639,0.509,0.378,0.328,0.424,0.328,0.363,0.494,,0.615,0.527,0.45,0.547,0.583,0.583,0.527,0.296,,,,
19-Jan-18,1,0.457,0.631,0.639,0.509,0.378,0.328,0.425,0.328,0.363,0.494,,0.622,0.532,0.455,0.547,0.582,0.582,0.532,0.297,,,,
20-Jan-18,1,0.455,0.657,0.637,0.51,0.377,0.376,0.425,0.376,0.405,0.494,,0.627,0.533,0.455,0.555,0.553,0.553,0.538,0.335,,,,
21-Jan-18,1,0.423,0.645,0.687,0.514,0.382,0.331,0.517,0.331,0.383,0.494,,0.622,0.489,0.438,0.584,0.598,0.598,0.525,0.217,,,,
22-Jan-18,1,0.422,0.644,0.689,0.515,0.383,0.329,0.52,0.329,0.38,0.494,,0.621,0.489,0.439,0.584,0.598,0.598,0.524,0.217,,,,
23-Jan-18,1,0.429,0.645,0.69,0.515,0.383,0.385,0.487,0.385,0.334,0.439,,0.637,0.463,0.427,0.585,0.598,0.598,0.523,0.215,,,,
24-Jan-18,1,0.428,0.645,0.692,0.514,0.383,0.386,0.488,0.386,0.332,0.438,,0.636,0.462,0.428,0.585,0.596,0.596,0.522,0.214,,,,
25-Jan-18,1,0.386,0.564,0.682,0.515,0.383,0.307,0.468,0.307,0.374,0.46,,0.64,0.463,0.427,0.556,0.599,0.599,0.532,0.234,0.223,0.237,,
26-Jan-18,1,0.381,0.57,0.69,0.515,0.327,0.354,0.458,0.354,0.367,0.47,,0.601,0.458,0.418,0.558,0.606,0.606,0.505,0.247,0.259,0.224,,
27-Jan-18,1,0.377,0.577,0.692,0.526,0.347,0.352,0.44,0.352,0.367,0.478,,0.581,0.457,0.4,0.553,0.619,0.619,0.514,0.263,0.285,0.232,,
28-Jan-18,1,0.365,0.578,0.708,0.555,0.339,0.358,0.455,0.358,0.385,0.499,,0.568,0.483,0.407,0.554,0.627,0.627,0.517,0.282,0.298,0.232,,
29-Jan-18,1,0.35,0.561,0.722,0.553,0.329,0.383,0.447,0.383,0.404,0.489,,0.558,0.475,0.404,0.554,0.637,0.637,0.529,0.275,0.34,0.238,,
30-Jan-18,1,0.369,0.65,0.716,0.547,0.356,0.38,0.447,0.38,0.382,0.487,,0.565,0.48,0.404,0.564,0.654,0.654,0.554,0.293,0.347,0.239,,
31-Jan-18,1,0.369,0.655,0.719,0.549,0.356,0.378,0.446,0.378,0.38,0.487,,0.571,0.48,0.403,0.564,0.656,0.656,0.553,0.294,0.272,0.239,,
1-Feb-18,1,0.367,0.673,0.712,0.545,0.36,0.363,0.436,0.363,0.384,0.488,,0.552,0.493,0.409,0.567,0.651,0.651,0.568,0.299,0.29,0.238,,
2-Feb-18,1,0.375,0.677,0.71,0.54,0.361,0.362,0.438,0.362,0.383,0.48,,0.55,0.492,0.406,0.568,0.653,0.653,0.564,0.299,0.299,0.256,,
3-Feb-18,1,0.374,0.68,0.71,0.54,0.361,0.359,0.436,0.359,0.38,0.481,,0.553,0.491,0.4,0.565,0.653,0.653,0.567,0.3,0.3,0.256,,
4-Feb-18,1,0.374,0.681,0.71,0.541,0.361,0.359,0.435,0.359,0.38,0.48,,0.553,0.492,0.4,0.566,0.654,0.654,0.569,0.301,0.302,0.258,,
5-Feb-18,1,0.366,0.692,0.712,0.538,0.364,0.361,0.446,0.361,0.386,0.476,,0.547,0.499,0.393,0.563,0.658,0.658,0.574,0.299,0.316,0.247,,
6-Feb-18,1,0.38,0.713,0.699,0.532,0.372,0.375,0.422,0.375,0.39,0.472,,0.568,0.5,0.395,0.568,0.661,0.661,0.597,0.305,0.321,0.272,,
7-Feb-18,1,0.375,0.714,0.699,0.532,0.371,0.374,0.421,0.374,0.389,0.47,,0.567,0.501,0.393,0.567,0.662,0.662,0.599,0.305,0.324,0.256,,
8-Feb-18,1,0.373,0.74,0.695,0.52,0.372,0.387,0.43,0.387,0.393,0.491,,0.555,0.523,0.398,0.572,0.667,0.667,0.595,0.302,0.334,0.267,,
9-Feb-18,1,0.367,0.746,0.693,0.519,0.374,0.387,0.428,0.387,0.392,0.494,,0.551,0.518,0.392,0.567,0.662,0.662,0.596,0.298,0.331,0.285,,
10-Feb-18,1,0.368,0.759,0.702,0.515,0.374,0.394,0.423,0.394,0.4,0.491,,0.545,0.52,0.398,0.572,0.661,0.661,0.617,0.301,0.348,0.296,,
11-Feb-18,1,0.384,0.765,0.7,0.512,0.379,0.396,0.425,0.396,0.403,0.491,,0.553,0.525,0.399,0.573,0.647,0.647,0.613,0.302,0.35,0.309,,
12-Feb-18,1,0.385,0.767,0.702,0.511,0.381,0.398,0.421,0.398,0.405,0.491,,0.572,0.522,0.403,0.574,0.65,0.65,0.62,0.306,0.356,0.336,,
13-Feb-18,1,0.383,0.759,0.679,0.505,0.384,0.397,0.419,0.397,0.404,0.491,,0.572,0.52,0.405,0.577,0.648,0.648,0.62,0.306,0.361,0.33,,
14-Feb-18,1,0.381,0.764,0.675,0.503,0.381,0.393,0.421,0.393,0.403,0.492,,0.574,0.514,0.403,0.577,0.645,0.645,0.615,0.296,0.367,0.353,,
15-Feb-18,1,0.377,0.765,0.671,0.498,0.376,0.396,0.413,0.396,0.404,0.494,,0.569,0.519,0.405,0.576,0.638,0.638,0.615,0.296,0.364,0.352,,
16-Feb-18,1,0.374,0.763,0.67,0.496,0.375,0.395,0.409,0.395,0.399,0.493,,0.563,0.516,0.404,0.576,0.632,0.632,0.609,0.293,0.367,0.351,,
17-Feb-18,1,0.376,0.765,0.67,0.493,0.375,0.396,0.41,0.396,0.398,0.493,,0.576,0.513,0.403,0.577,0.632,0.632,0.608,0.292,0.365,0.356,,
18-Feb-18,1,0.359,0.756,0.668,0.481,0.371,0.389,0.409,0.389,0.396,0.497,,0.576,0.508,0.402,0.581,0.628,0.628,0.597,0.29,0.361,0.354,,
19-Feb-18,1,0.357,0.755,0.667,0.48,0.37,0.388,0.409,0.388,0.395,0.497,,0.576,0.507,0.401,0.581,0.628,0.628,0.597,0.289,0.362,0.355,,
20-Feb-18,1,0.358,0.741,0.67,0.477,0.376,0.394,0.404,0.394,0.394,0.492,,0.558,0.506,0.4,0.582,0.62,0.62,0.568,0.284,0.36,0.354,,
21-Feb-18,1,0.359,0.733,0.669,0.476,0.374,0.394,0.397,0.394,0.392,0.493,,0.56,0.503,0.399,0.582,0.618,0.618,0.568,0.282,0.357,0.354,,
22-Feb-18,1,0.356,0.729,0.666,0.457,0.373,0.388,0.404,0.388,0.389,0.492,,0.531,0.508,0.4,0.582,0.61,0.61,0.55,0.282,0.357,0.354,,
23-Feb-18,1,0.354,0.728,0.666,0.468,0.373,0.388,0.403,0.388,0.388,0.496,,0.531,0.506,0.4,0.582,0.607,0.607,0.547,0.281,0.358,0.353,,
24-Feb-18,1,0.351,0.695,0.667,0.475,0.372,0.381,0.396,0.381,0.395,0.479,,0.527,0.488,0.401,0.582,0.591,0.591,0.544,0.28,0.355,0.355,,
25-Feb-18,1,0.361,0.686,0.684,0.498,0.375,0.388,0.391,0.388,0.406,0.478,,0.548,0.5,0.398,0.585,0.593,0.593,0.548,0.283,0.349,0.354,,
26-Feb-18,1,0.382,0.68,0.637,0.498,0.369,0.396,0.395,0.396,0.4,0.487,,0.614,0.507,0.403,0.58,0.575,0.575,0.482,0.283,0.341,0.348,,
27-Feb-18,1,0.379,0.693,0.623,0.493,0.378,0.399,0.41,0.399,0.401,0.484,,0.632,0.51,0.417,0.587,0.58,0.58,0.458,0.285,0.344,0.349,,
28-Feb-18,1,0.387,0.671,0.611,0.489,0.388,0.384,0.414,0.384,0.385,0.484,,0.631,0.525,0.427,0.596,0.575,0.575,0.45,0.283,0.337,0.35,,
1-Mar-18,1,0.42,0.689,0.619,0.476,0.366,0.384,0.403,0.384,0.367,0.482,,0.655,0.52,0.432,0.595,0.558,0.558,0.384,0.278,0.325,0.347,,
2-Mar-18,1,0.421,0.69,0.62,0.499,0.366,0.383,0.403,0.383,0.367,0.476,,0.672,0.524,0.431,0.591,0.557,0.557,0.381,0.279,0.326,0.346,,
3-Mar-18,1,0.421,0.691,0.618,0.479,0.395,0.381,0.409,0.381,0.362,0.474,,0.674,0.525,0.431,0.592,0.557,0.557,0.381,0.277,0.324,0.348,,
4-Mar-18,1,0.424,0.688,0.663,0.483,0.397,0.375,0.387,0.375,0.358,0.475,,0.672,0.525,0.427,0.594,0.559,0.559,0.411,0.275,0.324,0.35,,
5-Mar-18,1,0.428,0.707,0.622,0.506,0.419,0.416,0.386,0.416,0.358,0.492,,0.71,0.555,0.437,0.594,0.582,0.582,0.387,0.298,0.346,0.342,,
6-Mar-18,1,0.443,0.707,0.619,0.5,0.427,0.43,0.381,0.43,0.363,0.494,,0.713,0.562,0.449,0.599,0.586,0.586,0.388,0.301,0.344,0.338,,
7-Mar-18,1,0.442,0.707,0.62,0.5,0.428,0.432,0.379,0.432,0.361,0.495,,0.715,0.563,0.449,0.599,0.588,0.588,0.388,0.301,0.345,0.338,,
8-Mar-18,1,0.462,0.732,0.585,0.505,0.43,0.432,0.39,0.432,0.36,0.502,,0.75,0.576,0.464,0.602,0.6,0.6,0.38,0.319,0.349,0.34,,
9-Mar-18,1,0.461,0.732,0.586,0.506,0.431,0.434,0.39,0.434,0.359,0.503,,0.752,0.576,0.463,0.602,0.602,0.602,0.378,0.319,0.35,0.34,,
10-Mar-18,1,0.459,0.732,0.586,0.508,0.432,0.436,0.39,0.436,0.358,0.503,,0.71,0.577,0.464,0.603,0.604,0.604,0.377,0.319,0.35,0.34,,
11-Mar-18,1,0.458,0.732,0.637,0.509,0.433,0.438,0.389,0.438,0.357,0.504,,0.71,0.577,0.464,0.603,0.606,0.606,0.375,0.319,0.351,0.341,,
12-Mar-18,1,0.47,0.708,0.629,0.502,0.426,0.439,0.382,0.439,0.378,0.493,,0.71,0.57,0.476,0.598,0.602,0.602,0.401,0.324,0.363,0.356,,
13-Mar-18,1,0.468,0.707,0.619,0.512,0.426,0.455,0.398,0.455,0.383,0.492,,0.702,0.57,0.481,0.598,0.596,0.596,0.399,0.318,0.38,0.361,,
14-Mar-18,1,0.474,0.722,0.674,0.503,0.433,0.46,0.403,0.46,0.385,0.489,,0.691,0.578,0.486,0.604,0.614,0.614,0.413,0.326,0.381,0.358,,
15-Mar-18,1,0.443,0.695,0.696,0.533,0.424,0.496,0.364,0.496,0.393,0.504,,0.692,0.566,0.494,0.635,0.618,0.618,0.424,0.348,0.413,0.343,,
16-Mar-18,1,0.457,0.693,0.692,0.506,0.419,0.468,0.394,0.468,0.395,0.485,,0.671,0.576,0.508,0.607,0.6,0.6,0.454,0.351,0.414,0.371,,
17-Mar-18,1,0.457,0.691,0.693,0.505,0.417,0.467,0.394,0.467,0.374,0.459,,0.668,0.576,0.509,0.607,0.599,0.599,0.444,0.358,0.408,0.366,,
18-Mar-18,1,0.471,0.699,0.701,0.502,0.418,0.466,0.392,0.466,0.372,0.459,,0.665,0.59,0.508,0.606,0.601,0.601,0.468,0.358,0.402,0.356,,
19-Mar-18,1,0.458,0.664,0.7,0.478,0.418,0.436,0.404,0.436,0.383,0.464,,0.652,0.564,0.487,0.617,0.613,0.613,0.479,0.371,0.4,0.348,,
20-Mar-18,1,0.452,0.655,0.673,0.482,0.414,0.429,0.395,0.429,0.387,0.463,,0.645,0.568,0.48,0.622,0.616,0.616,0.476,0.375,0.409,0.349,,
21-Mar-18,1,0.44,0.646,0.672,0.481,0.413,0.417,0.384,0.417,0.38,0.46,,0.6,0.548,0.474,0.626,0.623,0.623,0.523,0.389,0.405,0.355,,
22-Mar-18,1,0.434,0.646,0.668,0.474,0.418,0.437,0.41,0.437,0.399,0.461,,0.608,0.547,0.472,0.628,0.625,0.625,0.52,0.384,0.378,0.338,,
23-Mar-18,1,0.445,0.631,0.647,0.489,0.427,0.441,0.426,0.441,0.417,0.468,,0.603,0.544,0.467,0.616,0.594,0.594,0.512,0.384,0.392,0.345,,
24-Mar-18,1,0.44,0.644,0.647,0.496,0.428,0.448,0.424,0.448,0.418,0.477,,0.615,0.533,0.467,0.628,0.601,0.601,0.494,0.39,0.396,0.342,,
25-Mar-18,1,0.426,0.653,0.655,0.5,0.437,0.452,0.43,0.452,0.43,0.488,,0.606,0.535,0.46,0.636,0.617,0.617,0.493,0.395,0.395,0.346,,
26-Mar-18,1,0.436,0.668,0.649,0.501,0.443,0.449,0.436,0.449,0.435,0.501,,0.603,0.538,0.452,0.636,0.619,0.619,0.486,0.4,0.409,0.351,,
27-Mar-18,1,0.433,0.668,0.644,0.503,0.444,0.452,0.434,0.452,0.436,0.504,,0.602,0.536,0.461,0.634,0.621,0.621,0.485,0.402,0.417,0.353,,
28-Mar-18,1,0.422,0.671,0.638,0.506,0.456,0.461,0.448,0.461,0.446,0.512,,0.593,0.539,0.46,0.638,0.628,0.628,0.489,0.408,0.422,0.349,,
29-Mar-18,1,0.422,0.671,0.638,0.507,0.456,0.462,0.448,0.462,0.449,0.514,,0.593,0.538,0.46,0.638,0.628,0.628,0.488,0.408,0.423,0.349,,
30-Mar-18,1,0.421,0.671,0.638,0.508,0.457,0.463,0.449,0.463,0.45,0.515,,0.593,0.537,0.46,0.638,0.627,0.627,0.488,0.408,0.425,0.351,,
31-Mar-18,1,0.43,0.671,0.624,0.508,0.462,0.456,0.456,0.456,0.458,0.513,,0.607,0.555,0.471,0.648,0.626,0.626,0.495,0.417,0.426,0.353,,
1-Apr-18,1,0.431,0.665,0.623,0.516,0.468,0.462,0.45,0.462,0.466,0.526,,0.622,0.563,0.484,0.634,0.62,0.62,0.482,0.422,0.441,0.36,,
2-Apr-18,1,0.44,0.66,0.621,0.518,0.466,0.46,0.457,0.46,0.478,0.546,,0.641,0.56,0.495,0.625,0.603,0.603,0.484,0.427,0.434,0.35,,
3-Apr-18,1,0.44,0.66,0.621,0.518,0.467,0.461,0.458,0.461,0.478,0.546,,0.643,0.561,0.497,0.625,0.602,0.602,0.484,0.428,0.433,0.351,,
4-Apr-18,1,0.445,0.655,0.618,0.529,0.472,0.471,0.461,0.471,0.483,0.554,,0.647,0.565,0.504,0.624,0.601,0.601,0.484,0.431,0.44,0.358,,
5-Apr-18,1,0.45,0.654,0.62,0.532,0.474,0.476,0.466,0.476,0.486,0.557,,0.657,0.57,0.518,0.631,0.598,0.598,0.486,0.427,0.428,0.356,,
6-Apr-18,1,0.46,0.637,0.614,0.533,0.488,0.492,0.475,0.492,0.509,0.567,,0.681,0.581,0.53,0.64,0.592,0.592,0.475,0.41,0.424,0.347,,
7-Apr-18,1,0.458,0.633,0.613,0.545,0.494,0.499,0.466,0.499,0.506,0.578,,0.664,0.58,0.533,0.643,0.598,0.598,0.481,0.432,0.433,0.346,,
8-Apr-18,1,0.447,0.634,0.615,0.546,0.497,0.509,0.464,0.509,0.512,0.585,,0.682,0.583,0.552,0.655,0.585,0.585,0.486,0.439,0.421,0.34,,
9-Apr-18,1,0.45,0.628,0.611,0.548,0.506,0.506,0.471,0.506,0.521,0.59,,0.681,0.599,0.563,0.653,0.579,0.579,0.484,0.44,0.419,0.34,,
10-Apr-18,1,0.458,0.629,0.603,0.559,0.513,0.504,0.458,0.504,0.519,0.593,,0.681,0.611,0.575,0.663,0.581,0.581,0.497,0.44,0.428,0.341,,
11-Apr-18,1,0.452,0.609,0.604,0.568,0.52,0.522,0.463,0.522,0.53,0.593,,0.7,0.621,0.592,0.667,0.574,0.574,0.508,0.441,0.406,0.328,,
12-Apr-18,1,0.452,0.609,0.606,0.57,0.528,0.524,0.466,0.524,0.533,0.596,,0.693,0.622,0.59,0.677,0.581,0.581,0.509,0.439,0.404,0.33,,
13-Apr-18,1,0.455,0.605,0.603,0.588,0.537,0.545,0.466,0.545,0.548,0.599,,0.711,0.634,0.602,0.688,0.585,0.585,0.504,0.445,0.412,0.332,,
14-Apr-18,1,0.449,0.607,0.603,0.595,0.541,0.553,0.471,0.553,0.555,0.602,,0.719,0.633,0.596,0.689,0.593,0.593,0.495,0.421,0.417,0.34,,
15-Apr-18,1,0.443,0.593,0.591,0.597,0.539,0.545,0.459,0.545,0.547,0.599,,0.719,0.634,0.588,0.681,0.589,0.589,0.486,0.423,0.407,0.335,,
16-Apr-18,1,0.447,0.592,0.598,0.598,0.543,0.541,0.467,0.541,0.565,0.614,,0.717,0.633,0.598,0.688,0.604,0.604,0.483,0.42,0.417,0.343,,
17-Apr-18,1,0.437,0.575,0.592,0.612,0.555,0.564,0.463,0.564,0.58,0.624,,0.72,0.634,0.607,0.693,0.602,0.602,0.496,0.444,0.423,0.344,,
18-Apr-18,1,0.423,0.563,0.593,0.629,0.568,0.571,0.468,0.571,0.578,0.625,,0.693,0.654,0.617,0.705,0.614,0.614,0.492,0.432,0.445,0.359,,
19-Apr-18,1,0.421,0.56,0.596,0.632,0.57,0.569,0.474,0.569,0.583,0.626,,0.687,0.657,0.619,0.706,0.613,0.613,0.496,0.456,0.452,0.367,,
20-Apr-18,1,0.419,0.546,0.602,0.64,0.574,0.566,0.475,0.566,0.587,0.632,,0.672,0.659,0.627,0.71,0.625,0.625,0.499,0.458,0.456,0.38,,
21-Apr-18,1,0.415,0.543,0.602,0.642,0.578,0.565,0.476,0.565,0.59,0.634,,0.669,0.659,0.627,0.711,0.627,0.627,0.498,0.447,0.462,0.387,,
22-Apr-18,1,0.412,0.539,0.604,0.649,0.584,0.57,0.481,0.57,0.604,0.641,,0.665,0.664,0.637,0.724,0.634,0.634,0.507,0.467,0.488,0.399,,
23-Apr-18,1,0.398,0.532,0.601,0.651,0.593,0.575,0.497,0.575,0.615,0.641,,0.674,0.668,0.638,0.711,0.63,0.63,0.507,0.469,0.488,0.411,,
24-Apr-18,1,0.382,0.513,0.61,0.67,0.601,0.578,0.504,0.578,0.622,0.647,,0.667,0.669,0.638,0.713,0.636,0.636,0.501,0.449,0.491,0.395,,
25-Apr-18,1,0.366,0.502,0.603,0.679,0.603,0.586,0.507,0.586,0.627,0.651,,0.661,0.656,0.631,0.71,0.631,0.631,0.504,0.458,0.494,0.392,,
26-Apr-18,1,0.353,0.48,0.603,0.682,0.605,0.594,0.521,0.594,0.629,0.652,,0.678,0.644,0.627,0.704,0.6,0.6,0.501,0.471,0.495,0.389,,
27-Apr-18,1,0.342,0.474,0.596,0.687,0.605,0.6,0.523,0.6,0.625,0.655,,0.668,0.642,0.629,0.701,0.599,0.599,0.49,0.458,0.485,0.379,,
28-Apr-18,1,0.338,0.47,0.596,0.689,0.605,0.6,0.525,0.6,0.626,0.656,,0.67,0.642,0.632,0.7,0.594,0.594,0.488,0.458,0.485,0.378,,
29-Apr-18,1,0.314,0.452,0.595,0.689,0.609,0.597,0.532,0.597,0.621,0.659,,0.651,0.639,0.633,0.696,0.591,0.591,0.494,0.439,0.475,0.378,,
30-Apr-18,1,0.303,0.435,0.597,0.692,0.614,0.6,0.54,0.6,0.623,0.658,,0.636,0.634,0.632,0.695,0.59,0.59,0.504,0.425,0.461,0.367,,
1-May-18,1,0.286,0.425,0.618,0.7,0.628,0.616,0.561,0.616,0.633,0.665,,0.626,0.631,0.643,0.699,0.599,0.599,0.52,0.411,0.441,0.357,,
2-May-18,1,0.266,0.409,0.613,0.709,0.632,0.623,0.564,0.623,0.629,0.664,,0.617,0.625,0.64,0.695,0.589,0.589,0.527,0.408,0.442,0.349,,
3-May-18,1,0.264,0.413,0.618,0.708,0.631,0.62,0.58,0.62,0.625,0.662,,0.607,0.623,0.634,0.693,0.593,0.593,0.513,0.404,0.434,0.345,,
4-May-18,1,0.243,0.389,0.61,0.711,0.628,0.624,0.582,0.624,0.63,0.662,,0.609,0.619,0.641,0.69,0.581,0.581,0.521,0.378,0.405,0.338,,
5-May-18,1,0.243,0.385,0.601,0.71,0.632,0.627,0.588,0.627,0.63,0.662,,0.61,0.62,0.646,0.684,0.586,0.586,0.518,0.358,0.394,0.316,,
6-May-18,1,0.239,0.379,0.602,0.712,0.631,0.63,0.598,0.63,0.627,0.655,,0.612,0.621,0.648,0.678,0.572,0.572,0.508,0.335,0.363,0.299,,
7-May-18,1,0.236,0.377,0.597,0.714,0.633,0.633,0.602,0.633,0.627,0.655,,0.609,0.626,0.654,0.674,0.56,0.56,0.498,0.328,0.353,0.294,,
8-May-18,1,0.241,0.37,0.595,0.717,0.635,0.629,0.602,0.629,0.626,0.655,,0.603,0.629,0.662,0.672,0.56,0.56,0.504,0.312,0.32,0.276,,
9-May-18,1,0.239,0.358,0.595,0.717,0.634,0.63,0.599,0.63,0.621,0.649,,0.603,0.629,0.663,0.666,0.559,0.559,0.503,0.301,0.324,0.276,,
10-May-18,1,0.237,0.34,0.558,0.713,0.635,0.628,0.614,0.628,0.623,0.645,,0.584,0.635,0.676,0.656,0.561,0.561,0.514,0.28,0.298,0.279,,
11-May-18,1,0.241,0.327,0.561,0.713,0.632,0.621,0.625,0.621,0.62,0.637,,0.587,0.644,0.688,0.648,0.573,0.573,0.523,0.239,0.278,0.271,,
12-May-18,1,0.244,0.328,0.577,0.717,0.631,0.62,0.629,0.62,0.619,0.637,,0.574,0.648,0.696,0.644,0.594,0.594,0.528,0.208,0.271,0.258,,
13-May-18,1,0.247,0.317,0.588,0.711,0.628,0.608,0.643,0.608,0.616,0.634,,0.577,0.656,0.703,0.644,0.594,0.594,0.541,0.193,0.26,0.252,,
14-May-18,1,0.244,0.313,0.587,0.713,0.628,0.608,0.644,0.608,0.616,0.633,,0.577,0.659,0.705,0.644,0.593,0.593,0.543,0.195,0.26,0.254,,
15-May-18,1,0.244,0.315,0.597,0.715,0.621,0.605,0.647,0.605,0.614,0.635,,0.587,0.667,0.71,0.638,0.591,0.591,0.544,0.165,0.242,0.239,,
16-May-18,1,0.244,0.319,0.599,0.712,0.62,0.602,0.652,0.602,0.614,0.633,,0.59,0.674,0.719,0.641,0.587,0.587,0.542,0.191,0.24,0.249,,
17-May-18,1,0.244,0.324,0.593,0.704,0.611,0.59,0.651,0.59,0.602,0.627,,0.603,0.687,0.728,0.637,0.579,0.579,0.538,0.173,0.238,0.247,,
18-May-18,1,0.235,0.323,0.592,0.702,0.612,0.59,0.651,0.59,0.601,0.626,,0.6,0.686,0.727,0.637,0.579,0.579,0.539,0.17,0.238,0.248,,
19-May-18,1,0.234,0.323,0.594,0.701,0.612,0.589,0.652,0.589,0.6,0.626,,0.596,0.682,0.722,0.629,0.571,0.571,0.528,0.168,0.237,0.246,,
20-May-18,1,0.233,0.328,0.59,0.701,0.616,0.587,0.667,0.587,0.597,0.629,,0.595,0.695,0.727,0.623,0.578,0.578,0.53,0.158,0.24,0.244,,
21-May-18,1,0.231,0.323,0.587,0.699,0.614,0.588,0.671,0.588,0.596,0.629,,0.601,0.7,0.732,0.623,0.576,0.576,0.528,0.171,0.23,0.26,,
22-May-18,1,0.224,0.314,0.589,0.697,0.616,0.589,0.671,0.589,0.597,0.633,,0.602,0.709,0.739,0.616,0.571,0.571,0.538,0.148,0.229,0.26,,
23-May-18,1,0.228,0.313,0.592,0.696,0.617,0.589,0.671,0.589,0.595,0.632,,0.606,0.713,0.741,0.618,0.568,0.568,0.546,0.162,0.183,0.265,,
24-May-18,1,0.209,0.315,0.594,0.688,0.613,0.59,0.678,0.59,0.59,0.63,,0.604,0.717,0.742,0.612,0.563,0.563,0.544,0.152,0.225,0.265,,
25-May-18,1,0.208,0.302,0.603,0.681,0.607,0.587,0.665,0.587,0.581,0.643,,0.599,0.723,0.742,0.599,0.558,0.558,0.541,0.162,0.233,0.272,,
26-May-18,1,0.216,0.309,0.627,0.682,0.602,0.593,0.655,0.593,0.574,0.653,,0.605,0.741,0.751,0.589,0.562,0.562,0.538,0.138,0.241,0.279,,
27-May-18,1,0.214,0.303,0.628,0.679,0.602,0.594,0.651,0.594,0.573,0.664,,0.601,0.753,0.75,0.583,0.566,0.566,0.535,0.179,0.25,0.279,,
28-May-18,1,0.219,0.305,0.626,0.675,0.6,0.592,0.658,0.592,0.575,0.662,,0.608,0.751,0.749,0.578,0.564,0.564,0.539,0.167,0.263,0.288,,
29-May-18,1,0.218,0.305,0.622,0.674,0.603,0.599,0.66,0.599,0.585,0.665,,0.614,0.748,0.747,0.57,0.549,0.549,0.538,0.212,0.27,0.298,,
30-May-18,1,0.215,0.307,0.624,0.671,0.603,0.597,0.66,0.597,0.583,0.666,,0.61,0.745,0.743,0.566,0.549,0.549,0.54,0.229,0.296,0.309,,
31-May-18,1,0.218,0.303,0.62,0.665,0.602,0.597,0.66,0.597,0.582,0.665,,0.6,0.738,0.74,0.561,0.545,0.545,0.538,0.25,0.303,0.325,,
1-Jun-18,1,0.22,0.298,0.618,0.661,0.598,0.592,0.655,0.592,0.583,0.668,,0.598,0.738,0.74,0.551,0.543,0.543,0.541,0.283,0.32,0.324,,
2-Jun-18,1,0.228,0.289,0.614,0.663,0.6,0.591,0.659,0.591,0.584,0.671,,0.595,0.725,0.722,0.548,0.535,0.535,0.54,0.294,0.341,0.344,,
3-Jun-18,1,0.232,0.29,0.59,0.663,0.591,0.585,0.648,0.585,0.58,0.675,,0.592,0.708,0.716,0.551,0.535,0.535,0.542,0.31,0.35,0.355,,
4-Jun-18,1,0.237,0.296,0.598,0.656,0.595,0.583,0.648,0.583,0.584,0.673,,0.598,0.7,0.716,0.556,0.538,0.538,0.548,0.327,0.346,0.351,,
5-Jun-18,1,0.243,0.296,0.594,0.649,0.592,0.582,0.64,0.582,0.581,0.664,,0.602,0.688,0.711,0.554,0.535,0.535,0.55,0.337,0.365,0.367,,
6-Jun-18,1,0.242,0.297,0.595,0.649,0.591,0.58,0.639,0.58,0.577,0.662,,0.596,0.678,0.702,0.55,0.529,0.529,0.557,0.357,0.379,0.381,,
7-Jun-18,1,0.247,0.301,0.587,0.646,0.589,0.576,0.639,0.576,0.573,0.656,,0.596,0.667,0.696,0.547,0.529,0.529,0.562,0.381,0.4,0.404,,
8-Jun-18,1,0.248,0.303,0.587,0.643,0.588,0.575,0.637,0.575,0.573,0.653,,0.596,0.665,0.696,0.546,0.529,0.529,0.565,0.398,0.411,0.419,,
9-Jun-18,1,0.268,0.307,0.583,0.644,0.579,0.574,0.634,0.574,0.563,0.652,,0.6,0.662,0.696,0.545,0.531,0.531,0.566,0.418,0.425,0.43,,
10-Jun-18,1,0.282,0.312,0.584,0.647,0.577,0.575,0.637,0.575,0.564,0.65,,0.613,0.654,0.692,0.547,0.53,0.53,0.574,0.449,0.435,0.435,,
11-Jun-18,1,0.295,0.317,0.586,0.641,0.579,0.572,0.64,0.572,0.573,0.646,,0.628,0.639,0.682,0.544,0.527,0.527,0.586,0.477,0.452,0.451,,
12-Jun-18,1,0.309,0.329,0.57,0.631,0.583,0.571,0.648,0.571,0.575,0.643,,0.635,0.635,0.682,0.541,0.527,0.527,0.598,0.499,0.47,0.47,,
13-Jun-18,1,0.321,0.337,0.56,0.627,0.576,0.572,0.643,0.572,0.573,0.643,,0.633,0.63,0.68,0.539,0.53,0.53,0.604,0.517,0.482,0.482,,
14-Jun-18,1,0.329,0.345,0.556,0.633,0.57,0.573,0.643,0.573,0.572,0.642,,0.635,0.632,0.682,0.54,0.537,0.537,0.613,0.547,0.504,0.503,,
15-Jun-18,1,0.339,0.352,0.551,0.633,0.57,0.572,0.643,0.572,0.571,0.643,,0.641,0.635,0.686,0.539,0.536,0.536,0.62,0.562,0.522,0.523,,
16-Jun-18,1,0.354,0.361,0.549,0.634,0.573,0.571,0.645,0.571,0.579,0.647,,0.649,0.642,0.69,0.538,0.539,0.539,0.635,0.595,0.543,0.542,,
17-Jun-18,1,0.363,0.373,0.544,0.638,0.575,0.572,0.642,0.572,0.577,0.648,,0.654,0.642,0.688,0.533,0.532,0.532,0.64,0.644,0.564,0.562,,
18-Jun-18,1,0.371,0.384,0.532,0.642,0.572,0.579,0.644,0.579,0.579,0.649,,0.66,0.652,0.703,0.532,0.542,0.542,0.655,0.676,0.583,0.577,,
19-Jun-18,1,0.378,0.402,0.547,0.635,0.574,0.581,0.649,0.581,0.58,0.644,,0.665,0.664,0.701,0.523,0.546,0.546,0.66,0.696,0.596,0.59,,
20-Jun-18,1,0.392,0.405,0.515,0.633,0.57,0.581,0.646,0.581,0.583,0.641,,0.664,0.674,0.7,0.517,0.552,0.552,0.657,0.712,0.612,0.606,,
21-Jun-18,1,0.408,0.415,0.523,0.634,0.567,0.579,0.644,0.579,0.583,0.645,,0.666,0.683,0.7,0.512,0.561,0.561,0.667,0.726,0.626,0.62,,
22-Jun-18,1,0.42,0.421,0.524,0.633,0.567,0.576,0.643,0.576,0.581,0.645,,0.669,0.69,0.705,0.511,0.563,0.563,0.672,0.735,0.636,0.631,,
23-Jun-18,1,0.441,0.429,0.521,0.633,0.564,0.575,0.642,0.575,0.582,0.643,,0.669,0.697,0.705,0.507,0.568,0.568,0.684,0.759,0.652,0.644,,
24-Jun-18,1,0.448,0.435,0.52,0.634,0.564,0.576,0.642,0.576,0.583,0.644,,0.669,0.703,0.707,0.504,0.571,0.571,0.693,0.764,0.662,0.656,,
25-Jun-18,1,0.466,0.445,0.518,0.635,0.569,0.575,0.64,0.575,0.59,0.645,,0.671,0.71,0.708,0.502,0.571,0.571,0.701,0.781,0.677,0.666,,
26-Jun-18,1,0.473,0.456,0.501,0.635,0.569,0.574,0.644,0.574,0.599,0.639,,0.665,0.721,0.708,0.501,0.58,0.58,0.704,0.787,0.683,0.677,,
27-Jun-18,1,0.489,0.464,0.493,0.633,0.565,0.572,0.642,0.572,0.602,0.638,,0.66,0.726,0.715,0.501,0.578,0.578,0.707,0.796,0.688,0.685,,
28-Jun-18,1,0.509,0.467,0.496,0.633,0.563,0.571,0.638,0.571,0.597,0.635,,0.652,0.735,0.713,0.497,0.582,0.582,0.712,0.806,0.695,0.695,,
29-Jun-18,1,0.51,0.466,0.492,0.63,0.564,0.567,0.634,0.567,0.597,0.634,,0.653,0.737,0.714,0.493,0.576,0.576,0.717,0.817,0.698,0.698,,
30-Jun-18,1,0.526,0.472,0.492,0.627,0.566,0.565,0.63,0.565,0.594,0.63,,0.653,0.739,0.714,0.49,0.578,0.578,0.721,0.822,0.706,0.706,,
1-Jul-18,1,0.536,0.473,0.49,0.625,0.565,0.565,0.63,0.565,0.597,0.63,,0.65,0.738,0.713,0.489,0.58,0.58,0.722,0.826,0.711,0.712,,
2-Jul-18,1,0.543,0.479,0.49,0.623,0.558,0.564,0.624,0.564,0.588,0.629,,0.649,0.732,0.707,0.486,0.575,0.575,0.728,0.839,0.714,0.716,,
3-Jul-18,1,0.548,0.478,0.489,0.619,0.558,0.564,0.627,0.564,0.594,0.626,,0.647,0.727,0.707,0.483,0.58,0.58,0.733,0.845,0.716,0.723,,
4-Jul-18,1,0.563,0.483,0.491,0.612,0.555,0.558,0.62,0.558,0.594,0.623,,0.638,0.718,0.698,0.475,0.571,0.571,0.737,0.847,0.716,0.727,,
5-Jul-18,1,0.572,0.477,0.481,0.614,0.55,0.553,0.612,0.553,0.588,0.627,,0.638,0.699,0.699,0.476,0.572,0.572,0.738,0.854,0.721,0.73,,
6-Jul-18,1,0.575,0.481,0.496,0.619,0.55,0.553,0.611,0.553,0.583,0.628,,0.641,0.691,0.701,0.468,0.56,0.56,0.744,0.858,0.726,0.738,,
7-Jul-18,1,0.583,0.485,0.492,0.615,0.554,0.555,0.606,0.555,0.583,0.626,,0.638,0.678,0.687,0.466,0.561,0.561,0.747,0.865,0.732,0.743,,
8-Jul-18,1,0.584,0.489,0.493,0.617,0.553,0.553,0.601,0.553,0.592,0.627,,0.636,0.674,0.685,0.47,0.565,0.565,0.75,0.87,0.74,0.748,,
9-Jul-18,1,0.596,0.497,0.493,0.611,0.557,0.552,0.598,0.552,0.591,0.633,,0.634,0.666,0.683,0.469,0.575,0.575,0.748,0.877,0.745,0.751,,
10-Jul-18,1,0.599,0.498,0.49,0.611,0.556,0.55,0.602,0.55,0.591,0.631,,0.634,0.663,0.683,0.47,0.575,0.575,0.747,0.877,0.748,0.751,,
11-Jul-18,1,0.605,0.5,0.486,0.604,0.556,0.552,0.603,0.552,0.596,0.633,,0.632,0.655,0.68,0.464,0.576,0.576,0.749,0.88,0.75,0.753,,
12-Jul-18,1,0.615,0.502,0.489,0.598,0.558,0.55,0.597,0.55,0.582,0.632,,0.635,0.637,0.682,0.461,0.579,0.579,0.747,0.883,0.754,0.753,,
13-Jul-18,1,0.614,0.512,0.479,0.598,0.552,0.553,0.595,0.553,0.581,0.631,,0.636,0.629,0.675,0.462,0.583,0.583,0.747,0.881,0.761,0.757,,
14-Jul-18,1,0.619,0.521,0.49,0.597,0.554,0.555,0.583,0.555,0.582,0.632,,0.638,0.624,0.673,0.461,0.59,0.59,0.746,0.882,0.765,0.754,,
15-Jul-18,1,0.626,0.526,0.493,0.595,0.556,0.554,0.59,0.554,0.58,0.628,,0.636,0.627,0.672,0.462,0.594,0.594,0.745,0.884,0.767,0.754,,
16-Jul-18,1,0.632,0.528,0.498,0.593,0.557,0.555,0.593,0.555,0.581,0.63,,0.63,0.633,0.676,0.464,0.602,0.602,0.743,0.886,0.773,0.756,,
17-Jul-18,1,0.634,0.534,0.501,0.595,0.555,0.555,0.593,0.555,0.576,0.624,,0.63,0.633,0.679,0.463,0.605,0.605,0.743,0.888,0.775,0.756,,
18-Jul-18,1,0.64,0.541,0.501,0.595,0.559,0.557,0.597,0.557,0.581,0.621,,0.624,0.641,0.686,0.464,0.605,0.605,0.745,0.89,0.778,0.761,,
19-Jul-18,1,0.642,0.543,0.501,0.596,0.558,0.559,0.597,0.559,0.577,0.62,,0.623,0.643,0.685,0.48,0.615,0.615,0.745,0.891,0.781,0.76,,
20-Jul-18,1,0.648,0.544,0.509,0.593,0.562,0.558,0.602,0.558,0.579,0.625,,0.621,0.66,0.695,0.485,0.628,0.628,0.737,0.894,0.793,0.762,,
21-Jul-18,1,0.651,0.555,0.515,0.586,0.566,0.565,0.608,0.565,0.586,0.616,,0.619,0.673,0.697,0.484,0.626,0.626,0.738,0.894,0.799,0.765,,
22-Jul-18,1,0.651,0.555,0.516,0.586,0.566,0.565,0.609,0.565,0.586,0.616,,0.617,0.673,0.697,0.485,0.627,0.627,0.738,0.897,0.799,0.765,,
23-Jul-18,1,0.658,0.561,0.52,0.584,0.565,0.564,0.619,0.564,0.591,0.615,,0.616,0.678,0.71,0.484,0.624,0.624,0.737,0.897,0.804,0.766,,
24-Jul-18,1,0.659,0.564,0.522,0.585,0.564,0.566,0.617,0.566,0.583,0.616,,0.616,0.679,0.712,0.482,0.625,0.625,0.733,0.897,0.803,0.766,,
25-Jul-18,1,0.657,0.564,0.525,0.587,0.564,0.568,0.619,0.568,0.589,0.615,,0.615,0.683,0.713,0.482,0.615,0.615,0.732,0.894,0.801,0.767,,
26-Jul-18,1,0.661,0.564,0.526,0.587,0.562,0.569,0.618,0.569,0.588,0.613,,0.605,0.685,0.712,0.482,0.62,0.62,0.729,0.896,0.803,0.766,,
27-Jul-18,1,0.665,0.565,0.523,0.586,0.565,0.567,0.616,0.567,0.581,0.608,,0.598,0.69,0.714,0.488,0.623,0.623,0.73,0.893,0.807,0.768,,
28-Jul-18,1,0.661,0.564,0.526,0.584,0.57,0.571,0.62,0.571,0.587,0.613,,0.593,0.705,0.72,0.49,0.618,0.618,0.725,0.893,0.806,0.767,,
29-Jul-18,1,0.674,0.556,0.547,0.584,0.574,0.568,0.626,0.568,0.576,0.609,,0.607,0.707,0.708,0.468,0.616,0.616,0.729,0.902,0.812,0.776,,
30-Jul-18,1,0.681,0.557,0.549,0.589,0.565,0.562,0.644,0.562,0.577,0.61,,0.614,0.702,0.71,0.464,0.611,0.611,0.726,0.91,0.828,0.782,,
31-Jul-18,1,0.673,0.546,0.575,0.601,0.558,0.561,0.65,0.561,0.577,0.611,,0.621,0.709,0.724,0.465,0.595,0.595,0.716,0.913,0.833,0.783,,
1-Aug-18,1,0.676,0.547,0.577,0.6,0.55,0.557,0.644,0.557,0.577,0.596,,0.633,0.703,0.719,0.466,0.565,0.565,0.723,0.924,0.827,0.781,,
2-Aug-18,1,0.679,0.531,0.575,0.595,0.555,0.562,0.64,0.562,0.586,0.616,,0.63,0.705,0.711,0.47,0.553,0.553,0.718,0.915,0.819,0.779,,
3-Aug-18,1,0.69,0.531,0.571,0.572,0.558,0.542,0.642,0.542,0.585,0.607,,0.627,0.705,0.711,0.467,0.551,0.551,0.682,0.903,0.822,0.768,,
4-Aug-18,1,0.681,0.533,0.586,0.562,0.538,0.536,0.641,0.536,0.572,0.61,,0.631,0.692,0.69,0.459,0.558,0.558,0.687,0.897,0.806,0.766,,
5-Aug-18,1,0.674,0.533,0.608,0.57,0.518,0.545,0.625,0.545,0.568,0.602,,0.633,0.665,0.665,0.438,0.543,0.543,0.701,0.896,0.774,0.761,,
6-Aug-18,1,0.682,0.533,0.625,0.617,0.505,0.543,0.591,0.543,0.569,0.58,,0.663,0.634,0.637,0.443,0.538,0.538,0.695,0.885,0.772,0.743,,
7-Aug-18,1,0.675,0.549,0.613,0.591,0.501,0.548,0.596,0.548,0.572,0.579,,0.682,0.608,0.632,0.445,0.552,0.552,0.694,0.897,0.754,0.743,,
8-Aug-18,1,0.667,0.555,0.613,0.596,0.498,0.543,0.584,0.543,0.57,0.6,,0.673,0.601,0.631,0.448,0.575,0.575,0.694,0.889,0.766,0.748,,
9-Aug-18,1,0.672,0.555,0.61,0.588,0.503,0.54,0.583,0.54,0.571,0.6,,0.671,0.601,0.628,0.451,0.578,0.578,0.694,0.89,0.767,0.75,,
10-Aug-18,1,0.668,0.547,0.604,0.584,0.504,0.537,0.572,0.537,0.568,0.608,,0.663,0.591,0.62,0.449,0.569,0.569,0.699,0.891,0.778,0.763,,
11-Aug-18,1,0.666,0.544,0.611,0.58,0.502,0.534,0.57,0.534,0.564,0.607,,0.665,0.581,0.617,0.446,0.568,0.568,0.696,0.886,0.776,0.762,,
12-Aug-18,1,0.673,0.541,0.609,0.581,0.507,0.542,0.569,0.542,0.563,0.604,,0.664,0.577,0.62,0.447,0.581,0.581,0.698,0.88,0.782,0.763,,
13-Aug-18,1,0.675,0.54,0.606,0.576,0.51,0.523,0.562,0.523,0.561,0.602,,0.655,0.58,0.616,0.447,0.573,0.573,0.703,0.875,0.781,0.759,,
14-Aug-18,1,0.676,0.544,0.612,0.574,0.511,0.521,0.556,0.521,0.561,0.6,,0.644,0.57,0.61,0.452,0.574,0.574,0.698,0.873,0.78,0.755,,
15-Aug-18,1,0.677,0.541,0.619,0.576,0.508,0.51,0.554,0.51,0.56,0.606,,0.626,0.576,0.61,0.456,0.576,0.576,0.695,0.872,0.772,0.75,,
16-Aug-18,1,0.677,0.542,0.614,0.575,0.512,0.509,0.558,0.509,0.568,0.609,,0.624,0.576,0.611,0.461,0.578,0.578,0.695,0.872,0.769,0.749,,
17-Aug-18,1,0.677,0.542,0.615,0.575,0.513,0.509,0.558,0.509,0.567,0.609,,0.622,0.576,0.611,0.461,0.577,0.577,0.695,0.872,0.77,0.749,,
18-Aug-18,1,0.678,0.542,0.615,0.575,0.513,0.509,0.558,0.509,0.567,0.609,,0.62,0.577,0.612,0.462,0.578,0.578,0.695,0.871,0.77,0.749,,
19-Aug-18,1,0.68,0.548,0.615,0.572,0.515,0.502,0.561,0.502,0.565,0.609,,0.614,0.58,0.616,0.463,0.579,0.579,0.692,0.864,0.766,0.748,,
20-Aug-18,1,0.68,0.547,0.611,0.571,0.513,0.5,0.559,0.5,0.564,0.608,,0.608,0.581,0.618,0.462,0.572,0.572,0.688,0.861,0.763,0.742,,
21-Aug-18,1,0.682,0.538,0.603,0.568,0.522,0.494,0.562,0.494,0.563,0.61,,0.607,0.587,0.617,0.464,0.579,0.579,0.682,0.854,0.759,0.738,,
22-Aug-18,1,0.675,0.532,0.616,0.563,0.523,0.484,0.563,0.484,0.558,0.613,,0.583,0.595,0.617,0.463,0.584,0.584,0.684,0.847,0.753,0.735,,
23-Aug-18,1,0.677,0.527,0.62,0.559,0.52,0.473,0.56,0.473,0.558,0.623,,0.553,0.603,0.609,0.464,0.572,0.572,0.683,0.844,0.743,0.731,,
24-Aug-18,1,0.679,0.521,0.618,0.556,0.522,0.475,0.558,0.475,0.549,0.608,,0.544,0.606,0.607,0.463,0.569,0.569,0.677,0.837,0.739,0.726,,
25-Aug-18,1,0.68,0.513,0.619,0.558,0.52,0.472,0.56,0.472,0.545,0.609,,0.537,0.605,0.609,0.458,0.562,0.562,0.673,0.834,0.734,0.722,,
26-Aug-18,1,0.671,0.52,0.618,0.559,0.519,0.466,0.567,0.466,0.538,0.601,,0.529,0.618,0.617,0.46,0.576,0.576,0.668,0.822,0.723,0.71,,
27-Aug-18,1,0.669,0.52,0.614,0.558,0.522,0.464,0.565,0.464,0.534,0.601,,0.527,0.622,0.618,0.461,0.578,0.578,0.665,0.822,0.718,0.704,,
28-Aug-18,1,0.66,0.515,0.613,0.556,0.52,0.456,0.567,0.456,0.536,0.606,,0.517,0.637,0.62,0.462,0.568,0.568,0.661,0.815,0.707,0.695,,
29-Aug-18,1,0.661,0.516,0.616,0.556,0.52,0.463,0.573,0.463,0.533,0.601,,0.517,0.647,0.633,0.472,0.577,0.577,0.656,0.812,0.704,0.689,,
30-Aug-18,1,0.659,0.517,0.615,0.556,0.521,0.461,0.568,0.461,0.539,0.605,,0.518,0.647,0.634,0.469,0.577,0.577,0.656,0.808,0.709,0.686,,
31-Aug-18,1,0.657,0.512,0.601,0.555,0.519,0.465,0.564,0.465,0.532,0.602,,0.536,0.648,0.639,0.466,0.579,0.579,0.652,0.805,0.708,0.68,,
1-Sep-18,1,0.658,0.508,0.607,0.558,0.508,0.467,0.559,0.467,0.529,0.596,,0.536,0.652,0.64,0.459,0.574,0.574,0.647,0.802,0.71,0.682,,
2-Sep-18,1,0.66,0.506,0.609,0.559,0.505,0.465,0.556,0.465,0.526,0.599,,0.543,0.654,0.641,0.457,0.573,0.573,0.648,0.801,0.709,0.682,,
3-Sep-18,1,0.659,0.506,0.61,0.56,0.505,0.464,0.555,0.464,0.523,0.596,,0.545,0.657,0.641,0.456,0.573,0.573,0.648,0.8,0.709,0.682,,
4-Sep-18,1,0.654,0.494,0.606,0.558,0.501,0.468,0.555,0.468,0.522,0.59,,0.549,0.661,0.641,0.453,0.569,0.569,0.644,0.795,0.704,0.676,,
5-Sep-18,1,0.655,0.492,0.605,0.556,0.502,0.467,0.552,0.467,0.524,0.591,,0.546,0.665,0.642,0.45,0.571,0.571,0.642,0.793,0.702,0.674,,
6-Sep-18,1,0.651,0.493,0.61,0.556,0.491,0.468,0.542,0.468,0.522,0.596,,0.541,0.665,0.645,0.446,0.559,0.559,0.636,0.791,0.698,0.669,,
7-Sep-18,1,0.651,0.498,0.603,0.558,0.49,0.48,0.545,0.48,0.524,0.592,,0.549,0.666,0.651,0.447,0.563,0.563,0.63,0.787,0.697,0.669,,
8-Sep-18,1,0.65,0.498,0.603,0.563,0.499,0.481,0.55,0.481,0.523,0.583,,0.54,0.672,0.656,0.447,0.563,0.563,0.628,0.781,0.7,0.672,,
9-Sep-18,1,0.649,0.493,0.613,0.556,0.502,0.483,0.559,0.483,0.524,0.593,,0.542,0.671,0.657,0.443,0.55,0.55,0.62,0.776,0.695,0.669,,
10-Sep-18,1,0.644,0.493,0.613,0.554,0.502,0.484,0.557,0.484,0.527,0.589,,0.543,0.672,0.657,0.443,0.539,0.539,0.616,0.774,0.694,0.667,,
11-Sep-18,1,0.648,0.478,0.62,0.547,0.5,0.481,0.548,0.481,0.53,0.59,,0.562,0.662,0.648,0.442,0.522,0.522,0.607,0.769,0.69,0.661,,
12-Sep-18,1,0.644,0.47,0.616,0.543,0.498,0.478,0.546,0.478,0.53,0.587,,0.563,0.66,0.644,0.441,0.512,0.512,0.603,0.768,0.687,0.658,,
13-Sep-18,1,0.642,0.461,0.613,0.535,0.498,0.471,0.539,0.471,0.53,0.585,,0.565,0.648,0.633,0.438,0.5,0.5,0.591,0.762,0.678,0.65,,
14-Sep-18,1,0.632,0.466,0.624,0.54,0.495,0.461,0.536,0.461,0.53,0.589,,0.584,0.639,0.617,0.429,0.493,0.493,0.58,0.756,0.673,0.651,,
15-Sep-18,1,0.63,0.453,0.619,0.542,0.496,0.47,0.539,0.47,0.52,0.578,,0.572,0.629,0.612,0.426,0.487,0.487,0.565,0.752,0.662,0.647,,
16-Sep-18,1,0.627,0.445,0.621,0.539,0.493,0.482,0.544,0.482,0.52,0.574,,0.573,0.626,0.605,0.423,0.469,0.469,0.556,0.744,0.657,0.641,,
17-Sep-18,1,0.627,0.439,0.613,0.538,0.499,0.482,0.545,0.482,0.516,0.578,,0.574,0.615,0.594,0.426,0.472,0.472,0.554,0.739,0.653,0.636,,
18-Sep-18,1,0.618,0.435,0.608,0.54,0.502,0.485,0.55,0.485,0.516,0.574,,0.561,0.606,0.59,0.428,0.467,0.467,0.547,0.735,0.645,0.627,,
19-Sep-18,1,0.615,0.429,0.604,0.537,0.501,0.486,0.548,0.486,0.517,0.576,,0.56,0.601,0.586,0.429,0.469,0.469,0.543,0.732,0.64,0.621,,
20-Sep-18,1,0.604,0.42,0.598,0.533,0.494,0.487,0.539,0.487,0.515,0.58,,0.561,0.591,0.576,0.424,0.457,0.457,0.53,0.722,0.627,0.608,,
21-Sep-18,1,0.603,0.415,0.593,0.543,0.5,0.488,0.538,0.488,0.514,0.577,,0.563,0.593,0.577,0.425,0.459,0.459,0.521,0.72,0.625,0.609,,
22-Sep-18,1,0.599,0.407,0.583,0.541,0.503,0.484,0.538,0.484,0.507,0.568,,0.574,0.583,0.568,0.429,0.452,0.452,0.512,0.714,0.617,0.601,,
23-Sep-18,1,0.597,0.405,0.582,0.543,0.499,0.481,0.537,0.481,0.502,0.568,,0.568,0.583,0.567,0.43,0.446,0.446,0.508,0.711,0.606,0.588,,
24-Sep-18,1,0.6,0.409,0.581,0.543,0.495,0.483,0.531,0.483,0.498,0.569,,0.577,0.58,0.566,0.432,0.445,0.445,0.505,0.708,0.604,0.583,,
25-Sep-18,1,0.592,0.401,0.562,0.547,0.484,0.471,0.52,0.471,0.491,0.565,,0.568,0.581,0.559,0.431,0.438,0.438,0.496,0.697,0.59,0.571,,
26-Sep-18,1,0.592,0.395,0.562,0.546,0.481,0.47,0.515,0.47,0.489,0.564,,0.566,0.581,0.558,0.429,0.433,0.433,0.492,0.693,0.584,0.564,,
27-Sep-18,1,0.584,0.391,0.547,0.55,0.483,0.471,0.513,0.471,0.484,0.565,,0.544,0.58,0.556,0.425,0.426,0.426,0.486,0.685,0.574,0.556,,
28-Sep-18,1,0.582,0.391,0.548,0.55,0.483,0.472,0.509,0.472,0.482,0.565,,0.544,0.579,0.556,0.426,0.426,0.426,0.486,0.683,0.572,0.554,,
29-Sep-18,1,0.574,0.396,0.549,0.549,0.478,0.464,0.517,0.464,0.473,0.56,,0.563,0.591,0.557,0.42,0.421,0.421,0.48,0.67,0.56,0.545,,
30-Sep-18,1,0.582,0.393,0.544,0.551,0.476,0.464,0.518,0.464,0.471,0.564,,0.56,0.595,0.564,0.424,0.422,0.422,0.486,0.67,0.554,0.541,,
1-Oct-18,1,0.577,0.394,0.541,0.548,0.469,0.466,0.516,0.466,0.473,0.568,,0.576,0.603,0.563,0.428,0.417,0.417,0.478,0.667,0.544,0.532,,
2-Oct-18,1,0.561,0.399,0.544,0.54,0.482,0.456,0.518,0.456,0.471,0.563,,0.563,0.608,0.564,0.423,0.413,0.413,0.461,0.654,0.528,0.516,,
3-Oct-18,1,0.548,0.405,0.551,0.541,0.478,0.451,0.519,0.451,0.473,0.561,,0.572,0.617,0.582,0.428,0.416,0.416,0.457,0.645,0.52,0.511,,
4-Oct-18,1,0.532,0.384,0.542,0.534,0.473,0.448,0.518,0.448,0.477,0.557,,0.596,0.63,0.593,0.424,0.405,0.405,0.445,0.626,0.506,0.495,,
5-Oct-18,1,0.531,0.384,0.543,0.535,0.477,0.449,0.518,0.449,0.477,0.556,,0.601,0.631,0.594,0.425,0.406,0.406,0.44,0.625,0.508,0.491,,
6-Oct-18,1,0.522,0.381,0.536,0.548,0.502,0.443,0.522,0.443,0.477,0.549,,0.6,0.646,0.601,0.426,0.402,0.402,0.423,0.604,0.496,0.462,,
7-Oct-18,1,0.51,0.373,0.547,0.55,0.491,0.432,0.525,0.432,0.474,0.559,,0.6,0.644,0.607,0.425,0.403,0.403,0.429,0.604,0.503,0.464,,
8-Oct-18,1,0.504,0.378,0.539,0.547,0.491,0.417,0.526,0.417,0.475,0.567,,0.601,0.645,0.606,0.422,0.405,0.405,0.431,0.595,0.488,0.443,,
9-Oct-18,1,0.492,0.372,0.541,0.54,0.495,0.417,0.532,0.417,0.473,0.565,,0.612,0.647,0.612,0.413,0.41,0.41,0.425,0.581,0.471,0.432,,
10-Oct-18,1,0.487,0.369,0.541,0.538,0.504,0.423,0.533,0.423,0.474,0.566,,0.607,0.65,0.607,0.413,0.41,0.41,0.428,0.577,0.482,0.444,,
11-Oct-18,1,0.47,0.361,0.539,0.54,0.505,0.427,0.535,0.427,0.474,0.56,,0.611,0.655,0.611,0.409,0.406,0.406,0.419,0.558,0.457,0.414,,
12-Oct-18,1,0.467,0.356,0.536,0.544,0.508,0.427,0.537,0.427,0.477,0.559,,0.608,0.654,0.612,0.407,0.409,0.409,0.412,0.553,0.454,0.401,,
13-Oct-18,1,0.464,0.346,0.529,0.542,0.509,0.432,0.536,0.432,0.473,0.554,,0.597,0.652,0.615,0.406,0.413,0.413,0.411,0.54,0.435,0.379,,
14-Oct-18,1,0.462,0.346,0.528,0.542,0.509,0.431,0.535,0.431,0.473,0.554,,0.595,0.652,0.615,0.406,0.413,0.413,0.411,0.537,0.429,0.35,,
15-Oct-18,1,0.444,0.329,0.514,0.538,0.503,0.436,0.529,0.436,0.469,0.553,,0.569,0.651,0.61,0.406,0.412,0.412,0.401,0.515,0.399,0.328,,
16-Oct-18,1,0.444,0.329,0.512,0.536,0.504,0.44,0.532,0.44,0.471,0.55,,0.555,0.65,0.608,0.403,0.415,0.415,0.402,0.509,0.389,0.346,,
17-Oct-18,1,0.439,0.329,0.513,0.53,0.505,0.439,0.531,0.439,0.471,0.55,,0.553,0.649,0.602,0.402,0.412,0.412,0.4,0.507,0.387,0.293,,
18-Oct-18,1,0.427,0.319,0.509,0.536,0.5,0.436,0.528,0.436,0.467,0.546,,0.541,0.649,0.599,0.4,0.41,0.41,0.396,0.487,0.364,0.273,,
19-Oct-18,1,0.427,0.313,0.502,0.53,0.503,0.434,0.526,0.434,0.462,0.541,,0.532,0.652,0.593,0.395,0.406,0.406,0.395,0.479,0.343,0.245,,
20-Oct-18,1,0.421,0.314,0.489,0.523,0.503,0.429,0.522,0.429,0.455,0.54,,0.521,0.651,0.585,0.388,0.409,0.409,0.391,0.471,0.333,0.275,,
21-Oct-18,1,0.419,0.315,0.492,0.521,0.503,0.429,0.521,0.429,0.453,0.541,,0.52,0.651,0.584,0.388,0.407,0.407,0.388,0.463,0.327,0.212,,
22-Oct-18,1,0.41,0.305,0.492,0.512,0.495,0.426,0.52,0.426,0.45,0.545,,0.517,0.652,0.583,0.383,0.408,0.408,0.391,0.448,0.286,0.192,,
23-Oct-18,1,0.412,0.314,0.486,0.507,0.488,0.425,0.517,0.425,0.451,0.544,,0.515,0.654,0.585,0.393,0.407,0.407,0.388,0.423,0.294,0.166,,
24-Oct-18,1,0.403,0.3,0.485,0.493,0.488,0.423,0.521,0.423,0.45,0.535,,0.495,0.651,0.589,0.395,0.397,0.397,0.382,0.41,0.277,0.235,,
25-Oct-18,1,0.387,0.298,0.483,0.494,0.478,0.416,0.514,0.416,0.442,0.53,,0.479,0.654,0.589,0.401,0.396,0.396,0.39,0.417,0.268,0.213,,
26-Oct-18,1,0.377,0.288,0.479,0.497,0.461,0.414,0.514,0.414,0.437,0.52,,0.482,0.651,0.595,0.403,0.389,0.389,0.387,0.405,0.269,0.179,,
27-Oct-18,1,0.361,0.279,0.472,0.476,0.452,0.412,0.512,0.412,0.429,0.492,,0.474,0.648,0.597,0.398,0.379,0.379,0.376,0.382,0.239,0.156,,
28-Oct-18,1,0.36,0.285,0.471,0.47,0.45,0.413,0.506,0.413,0.424,0.49,,0.473,0.649,0.595,0.401,0.373,0.373,0.383,0.369,0.217,0.148,,
29-Oct-18,1,0.336,0.285,0.47,0.461,0.438,0.406,0.497,0.406,0.418,0.486,,0.46,0.651,0.595,0.401,0.369,0.369,0.38,0.305,0.221,0.13,,
30-Oct-18,1,0.324,0.277,0.472,0.464,0.435,0.406,0.495,0.406,0.418,0.485,,0.459,0.65,0.596,0.402,0.368,0.368,0.381,0.302,0.185,0.189,,
31-Oct-18,1,0.301,0.278,0.474,0.463,0.422,0.403,0.485,0.403,0.41,0.478,,0.437,0.644,0.606,0.39,0.363,0.363,0.369,0.212,0.206,0.178,,
1-Nov-18,1,0.3,0.278,0.473,0.465,0.425,0.403,0.484,0.403,0.41,0.478,,0.436,0.647,0.606,0.395,0.366,0.366,0.373,0.218,0.212,0.167,,
2-Nov-18,1,0.293,0.269,0.465,0.469,0.411,0.404,0.479,0.404,0.404,0.462,,0.422,0.648,0.608,0.396,0.365,0.365,0.374,0.179,0.204,0.175,,
3-Nov-18,1,0.288,0.258,0.459,0.463,0.406,0.4,0.464,0.4,0.4,0.455,,0.428,0.641,0.615,0.392,0.361,0.361,0.38,0.104,0.198,0.173,,
4-Nov-18,1,0.289,0.258,0.46,0.466,0.409,0.401,0.464,0.401,0.401,0.452,,0.429,0.638,0.613,0.396,0.364,0.364,0.38,0.105,0.193,0.167,,
5-Nov-18,1,0.29,0.259,0.47,0.474,0.404,0.405,0.465,0.405,0.402,0.454,,0.43,0.638,0.619,0.4,0.366,0.366,0.381,0.105,0.193,0.179,,
6-Nov-18,1,0.291,0.26,0.471,0.474,0.405,0.406,0.465,0.406,0.402,0.455,,0.428,0.636,0.614,0.4,0.366,0.366,0.382,0.106,0.194,0.179,,
7-Nov-18,1,0.292,0.261,0.471,0.474,0.405,0.407,0.465,0.407,0.403,0.456,,0.428,0.636,0.613,0.399,0.367,0.367,0.382,0.106,0.197,0.182,,
8-Nov-18,1,0.289,0.283,0.479,0.482,0.413,0.409,0.469,0.409,0.404,0.46,,0.421,0.639,0.619,0.402,0.365,0.365,0.379,0.132,0.194,0.177,,
9-Nov-18,1,0.29,0.283,0.479,0.507,0.399,0.415,0.464,0.415,0.396,0.456,,0.412,0.644,0.619,0.408,0.384,0.384,0.375,0.128,0.203,0.172,,
10-Nov-18,1,0.294,0.283,0.475,0.505,0.402,0.42,0.469,0.42,0.4,0.457,,0.445,0.644,0.611,0.402,0.374,0.374,0.373,0.133,0.193,0.173,,
11-Nov-18,1,0.298,0.284,0.474,0.482,0.406,0.417,0.454,0.417,0.395,0.455,,0.446,0.644,0.588,0.395,0.381,0.381,0.364,0.133,0.193,0.172,,
12-Nov-18,1,0.306,0.281,0.482,0.491,0.423,0.432,0.467,0.432,0.415,0.475,,0.448,0.647,0.59,0.396,0.402,0.402,0.379,0.127,0.172,0.165,,
13-Nov-18,1,0.307,0.28,0.482,0.491,0.423,0.433,0.467,0.433,0.415,0.466,,0.449,0.646,0.591,0.397,0.402,0.402,0.38,0.127,0.165,0.162,,
14-Nov-18,1,0.31,0.303,0.482,0.481,0.402,0.416,0.461,0.416,0.402,0.462,,0.45,0.647,0.579,0.393,0.385,0.385,0.369,0.127,0.146,0.177,,
15-Nov-18,1,0.317,0.303,0.477,0.483,0.387,0.412,0.465,0.412,0.395,0.471,,0.438,0.647,0.579,0.388,0.385,0.385,0.369,0.127,0.151,0.103,,
16-Nov-18,1,,,,,,,,,,,,,0.64,0.591,0.391,,,0.375,0.122,0.128,0.071,,
17-Nov-18,1,,,,,,,,,,,,,,,,,,,,0.098,0.052,,
18-Nov-18,1,,0.328,0.446,0.431,0.341,,,,,0.434,,0.519,0.638,0.523,0.281,0.41,0.41,0.323,,0.098,0.054,,
19-Nov-18,1,,0.327,0.445,0.431,0.342,,,,,0.434,,0.52,0.638,0.523,0.28,0.41,0.41,0.323,,0.099,0.057,,
20-Nov-18,1,,0.327,0.445,0.43,0.341,,,,,0.434,,0.52,0.637,0.523,0.28,0.41,0.41,0.324,,0.099,0.058,,
21-Nov-18,1,,0.327,0.446,0.431,0.342,,,,,0.433,,0.521,0.637,0.524,0.281,0.41,0.41,0.324,,0.099,0.144,,
22-Nov-18,1,,0.327,0.446,0.43,0.342,,,,,0.431,,0.522,0.636,0.524,0.283,0.41,0.41,0.324,,0.099,0.143,,
23-Nov-18,1,0.17,0.322,0.446,0.411,0.341,0.307,0.351,0.307,0.346,0.43,,0.496,0.601,0.492,0.286,0.393,0.393,0.338,-0.163,0.067,0.098,,
24-Nov-18,1,0.209,0.32,0.442,0.406,0.325,0.311,0.396,0.311,0.354,0.423,,0.503,0.567,0.54,0.356,0.394,0.394,0.338,-0.113,0.077,0.125,,
25-Nov-18,1,0.205,0.326,0.454,0.392,0.333,0.311,0.394,0.311,0.368,0.509,,0.509,0.566,0.524,0.32,0.381,0.381,0.353,-0.184,-0.007,0.049,,
26-Nov-18,1,0.205,0.326,0.454,0.392,0.332,0.311,0.394,0.311,0.368,0.509,,0.51,0.564,0.525,0.32,0.38,0.38,0.354,-0.185,-0.007,0.048,,
27-Nov-18,1,0.206,0.325,0.454,0.39,0.332,0.311,0.395,0.311,0.369,0.509,,0.51,0.562,0.525,0.319,0.38,0.38,0.354,-0.185,-0.007,0.047,,
28-Nov-18,1,0.213,0.277,0.455,0.39,0.332,0.311,0.415,0.311,0.369,0.503,,0.511,0.559,0.437,0.33,0.364,0.364,0.356,-0.185,0.058,0.016,,
29-Nov-18,1,0.223,0.28,0.467,0.353,0.376,0.306,0.411,0.306,0.418,0.504,,0.586,0.473,0.44,0.318,0.363,0.363,0.356,-0.174,0.046,0.024,,
30-Nov-18,1,0.241,0.275,0.454,0.362,0.359,0.323,0.408,0.323,0.409,0.504,,0.588,0.476,0.436,0.327,0.364,0.364,0.353,-0.172,0.046,0.025,,
1-Dec-18,1,0.241,0.275,0.452,0.367,0.358,0.323,0.404,0.323,0.408,0.503,,0.564,0.468,0.56,0.327,0.364,0.364,0.404,-0.197,0.056,0.025,,
2-Dec-18,1,0.242,0.276,0.453,0.367,0.358,0.324,0.404,0.324,0.408,0.502,,0.564,0.469,0.56,0.328,0.364,0.364,0.404,-0.199,0.056,0.025,,
3-Dec-18,1,0.245,0.276,0.46,0.382,0.355,0.336,0.399,0.336,0.4,0.488,,0.568,0.468,0.559,0.337,0.359,0.359,0.401,-0.213,0.001,0.025,,
4-Dec-18,1,0.251,0.298,0.471,0.376,0.349,0.338,0.397,0.338,0.4,0.487,,0.533,0.448,0.563,0.342,0.344,0.344,0.398,-0.19,0.001,0.024,,
